Topic Name,Link to List of Repo
3D,https://github.com/topics/3D
Ajax,https://github.com/topics/Ajax
Algorithm,https://github.com/topics/Algorithm
Amp,https://github.com/topics/Amp
Android,https://github.com/topics/Android
Angular,https://github.com/topics/Angular
Ansible,https://github.com/topics/Ansible
API,https://github.com/topics/API
Arduino,https://github.com/topics/Arduino
ASP.NET,https://github.com/topics/ASP.NET
Awesome Lists,https://github.com/topics/Awesome-Lists
Amazon Web Services,https://github.com/topics/Amazon-Web-Services
Azure,https://github.com/topics/Azure
Babel,https://github.com/topics/Babel
Bash,https://github.com/topics/Bash
Bitcoin,https://github.com/topics/Bitcoin
Bootstrap,https://github.com/topics/Bootstrap
Bot,https://github.com/topics/Bot
C,https://github.com/topics/C
Chrome,https://github.com/topics/Chrome
Chrome extension,https://github.com/topics/Chrome-extension
Command line interface,https://github.com/topics/Command-line-interface
Clojure,https://github.com/topics/Clojure
Code quality,https://github.com/topics/Code-quality
Code review,https://github.com/topics/Code-review
Compiler,https://github.com/topics/Compiler
Continuous integration,https://github.com/topics/Continuous-integration
C++,https://github.com/topics/C++
Cryptocurrency,https://github.com/topics/Cryptocurrency
Crystal,https://github.com/topics/Crystal
C#,https://github.com/topics/C#
CSS,https://github.com/topics/CSS
Data structures,https://github.com/topics/Data-structures
Data visualization,https://github.com/topics/Data-visualization
Database,https://github.com/topics/Database
Deep learning,https://github.com/topics/Deep-learning
Dependency management,https://github.com/topics/Dependency-management
Deployment,https://github.com/topics/Deployment
Django,https://github.com/topics/Django
Docker,https://github.com/topics/Docker
Documentation,https://github.com/topics/Documentation
.NET,https://github.com/topics/.NET
Electron,https://github.com/topics/Electron
Elixir,https://github.com/topics/Elixir
Emacs,https://github.com/topics/Emacs
Ember,https://github.com/topics/Ember
Emoji,https://github.com/topics/Emoji
Emulator,https://github.com/topics/Emulator
ESLint,https://github.com/topics/ESLint
Ethereum,https://github.com/topics/Ethereum
Express,https://github.com/topics/Express
Firebase,https://github.com/topics/Firebase
Firefox,https://github.com/topics/Firefox
Flask,https://github.com/topics/Flask
Font,https://github.com/topics/Font
Framework,https://github.com/topics/Framework
Front end,https://github.com/topics/Front-end
Game engine,https://github.com/topics/Game-engine
Git,https://github.com/topics/Git
GitHub API,https://github.com/topics/GitHub-API
Go,https://github.com/topics/Go
Google,https://github.com/topics/Google
Gradle,https://github.com/topics/Gradle
GraphQL,https://github.com/topics/GraphQL
Gulp,https://github.com/topics/Gulp
Hacktoberfest,https://github.com/topics/Hacktoberfest
Haskell,https://github.com/topics/Haskell
Homebrew,https://github.com/topics/Homebrew
Homebridge,https://github.com/topics/Homebridge
HTML,https://github.com/topics/HTML
HTTP,https://github.com/topics/HTTP
Icon font,https://github.com/topics/Icon-font
iOS,https://github.com/topics/iOS
IPFS,https://github.com/topics/IPFS
Java,https://github.com/topics/Java
JavaScript,https://github.com/topics/JavaScript
Jekyll,https://github.com/topics/Jekyll
jQuery,https://github.com/topics/jQuery
JSON,https://github.com/topics/JSON
The Julia Language,https://github.com/topics/The-Julia-Language
Jupyter Notebook,https://github.com/topics/Jupyter-Notebook
Koa,https://github.com/topics/Koa
Kotlin,https://github.com/topics/Kotlin
Kubernetes,https://github.com/topics/Kubernetes
Laravel,https://github.com/topics/Laravel
LaTeX,https://github.com/topics/LaTeX
Library,https://github.com/topics/Library
Linux,https://github.com/topics/Linux
Localization (l10n),https://github.com/topics/Localization-(l10n)
Lua,https://github.com/topics/Lua
Machine learning,https://github.com/topics/Machine-learning
macOS,https://github.com/topics/macOS
Markdown,https://github.com/topics/Markdown
Mastodon,https://github.com/topics/Mastodon
Material Design,https://github.com/topics/Material-Design
MATLAB,https://github.com/topics/MATLAB
Maven,https://github.com/topics/Maven
Minecraft,https://github.com/topics/Minecraft
Mobile,https://github.com/topics/Mobile
Monero,https://github.com/topics/Monero
MongoDB,https://github.com/topics/MongoDB
Mongoose,https://github.com/topics/Mongoose
Monitoring,https://github.com/topics/Monitoring
MvvmCross,https://github.com/topics/MvvmCross
MySQL,https://github.com/topics/MySQL
NativeScript,https://github.com/topics/NativeScript
Nim,https://github.com/topics/Nim
Natural language processing,https://github.com/topics/Natural-language-processing
Node.js,https://github.com/topics/Node.js
NoSQL,https://github.com/topics/NoSQL
npm,https://github.com/topics/npm
Objective-C,https://github.com/topics/Objective-C
OpenGL,https://github.com/topics/OpenGL
Operating system,https://github.com/topics/Operating-system
P2P,https://github.com/topics/P2P
Package manager,https://github.com/topics/Package-manager
Parsing,https://github.com/topics/Parsing
Perl,https://github.com/topics/Perl
Phaser,https://github.com/topics/Phaser
PHP,https://github.com/topics/PHP
PICO-8,https://github.com/topics/PICO-8
Pixel Art,https://github.com/topics/Pixel-Art
PostgreSQL,https://github.com/topics/PostgreSQL
Project management,https://github.com/topics/Project-management
Publishing,https://github.com/topics/Publishing
PWA,https://github.com/topics/PWA
Python,https://github.com/topics/Python
Qt,https://github.com/topics/Qt
R,https://github.com/topics/R
Rails,https://github.com/topics/Rails
Raspberry Pi,https://github.com/topics/Raspberry-Pi
Ratchet,https://github.com/topics/Ratchet
React,https://github.com/topics/React
React Native,https://github.com/topics/React-Native
ReactiveUI,https://github.com/topics/ReactiveUI
Redux,https://github.com/topics/Redux
REST API,https://github.com/topics/REST-API
Ruby,https://github.com/topics/Ruby
Rust,https://github.com/topics/Rust
Sass,https://github.com/topics/Sass
Scala,https://github.com/topics/Scala
scikit-learn,https://github.com/topics/scikit-learn
Software-defined networking,https://github.com/topics/Software-defined-networking
Security,https://github.com/topics/Security
Server,https://github.com/topics/Server
Serverless,https://github.com/topics/Serverless
Shell,https://github.com/topics/Shell
Sketch,https://github.com/topics/Sketch
SpaceVim,https://github.com/topics/SpaceVim
Spring Boot,https://github.com/topics/Spring-Boot
SQL,https://github.com/topics/SQL
Storybook,https://github.com/topics/Storybook
Support,https://github.com/topics/Support
Swift,https://github.com/topics/Swift
Symfony,https://github.com/topics/Symfony
Telegram,https://github.com/topics/Telegram
Tensorflow,https://github.com/topics/Tensorflow
Terminal,https://github.com/topics/Terminal
Terraform,https://github.com/topics/Terraform
Testing,https://github.com/topics/Testing
Twitter,https://github.com/topics/Twitter
TypeScript,https://github.com/topics/TypeScript
Ubuntu,https://github.com/topics/Ubuntu
Unity,https://github.com/topics/Unity
Unreal Engine,https://github.com/topics/Unreal-Engine
Vagrant,https://github.com/topics/Vagrant
Vim,https://github.com/topics/Vim
Virtual reality,https://github.com/topics/Virtual-reality
Vue.js,https://github.com/topics/Vue.js
Wagtail,https://github.com/topics/Wagtail