Topic Name,Repo Href
3D,/mrdoob
3D,/mrdoob/three.js
3D,/pmndrs
3D,/pmndrs/react-three-fiber
3D,/libgdx
3D,/libgdx/libgdx
3D,/BabylonJS
3D,/BabylonJS/Babylon.js
3D,/ssloy
3D,/ssloy/tinyrenderer
3D,/FreeCAD
3D,/FreeCAD/FreeCAD
3D,/lettier
3D,/lettier/3d-game-shaders-for-beginners
3D,/aframevr
3D,/aframevr/aframe
3D,/CesiumGS
3D,/CesiumGS/cesium
3D,/blender
3D,/blender/blender
Ajax,/ljianshu
Ajax,/ljianshu/Blog
Ajax,/metafizzy
Ajax,/metafizzy/infinite-scroll
Ajax,/olifolkerd
Ajax,/olifolkerd/tabulator
Ajax,/developit
Ajax,/developit/unfetch
Ajax,/jquery-form
Ajax,/jquery-form/form
Ajax,/Studio-42
Ajax,/Studio-42/elFinder
Ajax,/elbywan
Ajax,/elbywan/wretch
Ajax,/dwyl
Ajax,/dwyl/learn-to-send-email-via-google-script-html-no-server
Ajax,/ded
Ajax,/ded/reqwest
Ajax,/wendux
Ajax,/wendux/ajax-hook
Algorithm,/jwasham
Algorithm,/jwasham/coding-interview-university
Algorithm,/trekhleb
Algorithm,/trekhleb/javascript-algorithms
Algorithm,/TheAlgorithms
Algorithm,/TheAlgorithms/Python
Algorithm,/CyC2018
Algorithm,/CyC2018/CS-Notes
Algorithm,/yangshun
Algorithm,/yangshun/tech-interview-handbook
Algorithm,/krahets
Algorithm,/krahets/hello-algo
Algorithm,/kdn251
Algorithm,/kdn251/interviews
Algorithm,/TheAlgorithms
Algorithm,/TheAlgorithms/Java
Algorithm,/azl397985856
Algorithm,/azl397985856/leetcode
Algorithm,/youngyangyang04
Algorithm,/youngyangyang04/leetcode-master
Amp,/milligram
Amp,/milligram/milligram
Amp,/ampproject
Amp,/ampproject/amp-wp
Amp,/AlexHex7
Amp,/AlexHex7/Non-local_pytorch
Amp,/wprig
Amp,/wprig/wprig
Amp,/GoogleForCreators
Amp,/GoogleForCreators/web-stories-wp
Amp,/ampproject
Amp,/ampproject/amp-by-example
Amp,/EmbeddedRPC
Amp,/EmbeddedRPC/erpc
Amp,/DeepVAC
Amp,/DeepVAC/deepvac
Amp,/xtrime-ru
Amp,/xtrime-ru/TelegramApiServer
Amp,/Azure
Amp,/Azure/MS-AMP
Android,/flutter
Android,/flutter/flutter
Android,/facebook
Android,/facebook/react-native
Android,/justjavac
Android,/justjavac/free-programming-books-zh_CN
Android,/Genymobile
Android,/Genymobile/scrcpy
Android,/Hack-with-Github
Android,/Hack-with-Github/Awesome-Hacking
Android,/Solido
Android,/Solido/awesome-flutter
Android,/google
Android,/google/material-design-icons
Android,/wasabeef
Android,/wasabeef/awesome-android-ui
Android,/tldr-pages
Android,/tldr-pages/tldr
Android,/square
Android,/square/okhttp
Angular,/justjavac
Angular,/justjavac/free-programming-books-zh_CN
Angular,/angular
Angular,/angular/angular
Angular,/storybookjs
Angular,/storybookjs/storybook
Angular,/leonardomso
Angular,/leonardomso/33-js-concepts
Angular,/ionic-team
Angular,/ionic-team/ionic-framework
Angular,/prettier
Angular,/prettier/prettier
Angular,/Asabeneh
Angular,/Asabeneh/30-Days-Of-JavaScript
Angular,/SheetJS
Angular,/SheetJS/sheetjs
Angular,/angular
Angular,/angular/angular-cli
Angular,/angular
Angular,/angular/components
Ansible,/bregman-arie
Ansible,/bregman-arie/devops-exercises
Ansible,/ansible
Ansible,/ansible/ansible
Ansible,/trailofbits
Ansible,/trailofbits/algo
Ansible,/MichaelCade
Ansible,/MichaelCade/90DaysOfDevOps
Ansible,/StreisandEffect
Ansible,/StreisandEffect/streisand
Ansible,/kubernetes-sigs
Ansible,/kubernetes-sigs/kubespray
Ansible,/ansible
Ansible,/ansible/awx
Ansible,/easzlab
Ansible,/easzlab/kubeasz
Ansible,/semaphoreui
Ansible,/semaphoreui/semaphore
Ansible,/netbootxyz
Ansible,/netbootxyz/netboot.xyz
API,/public-apis
API,/public-apis/public-apis
API,/neovim
API,/neovim/neovim
API,/tiangolo
API,/tiangolo/fastapi
API,/strapi
API,/strapi/strapi
API,/hoppscotch
API,/hoppscotch/hoppscotch
API,/ocornut
API,/ocornut/imgui
API,/slatedocs
API,/slatedocs/slate
API,/QuivrHQ
API,/QuivrHQ/quivr
API,/Kong
API,/Kong/insomnia
API,/trpc
API,/trpc/trpc
Arduino,/arendst
Arduino,/arendst/Tasmota
Arduino,/MarlinFirmware
Arduino,/MarlinFirmware/Marlin
Arduino,/tinygo-org
Arduino,/tinygo-org/tinygo
Arduino,/arduino
Arduino,/arduino/Arduino
Arduino,/rwaldron
Arduino,/rwaldron/johnny-five
Arduino,/SpacehuhnTech
Arduino,/SpacehuhnTech/esp8266_deauther
Arduino,/espressif
Arduino,/espressif/arduino-esp32
Arduino,/gurugio
Arduino,/gurugio/lowlevelprogramming-university
Arduino,/hybridgroup
Arduino,/hybridgroup/gobot
Arduino,/platformio
Arduino,/platformio/platformio-core
ASP.NET,/dotnet
ASP.NET,/dotnet/AspNetCore.Docs
ASP.NET,/tennc
ASP.NET,/tennc/webshell
ASP.NET,/SignalR
ASP.NET,/SignalR/SignalR
ASP.NET,/FAQGURU
ASP.NET,/FAQGURU/FAQGURU
ASP.NET,/blogifierdotnet
ASP.NET,/blogifierdotnet/Blogifier
ASP.NET,/mixcore
ASP.NET,/mixcore/mix.core
ASP.NET,/SteeltoeOSS
ASP.NET,/SteeltoeOSS/Samples
ASP.NET,/pimbrouwers
ASP.NET,/pimbrouwers/Falco
ASP.NET,/priore
ASP.NET,/priore/SOAPEngine
ASP.NET,/FritzAndFriends
ASP.NET,/FritzAndFriends/BlazorWebFormsComponents
Awesome Lists,/jaywcjlove
Awesome Lists,/jaywcjlove/awesome-mac
Awesome Lists,/ziadoz
Awesome Lists,/ziadoz/awesome-php
Awesome Lists,/cloudcommunity
Awesome Lists,/cloudcommunity/Free-Certifications
Awesome Lists,/matteocrippa
Awesome Lists,/matteocrippa/awesome-swift
Awesome Lists,/sdras
Awesome Lists,/sdras/awesome-actions
Awesome Lists,/The-Art-of-Hacking
Awesome Lists,/The-Art-of-Hacking/h4cker
Awesome Lists,/iCHAIT
Awesome Lists,/iCHAIT/awesome-macOS
Awesome Lists,/HqWu-HITCS
Awesome Lists,/HqWu-HITCS/Awesome-Chinese-LLM
Awesome Lists,/rShetty
Awesome Lists,/rShetty/awesome-podcasts
Awesome Lists,/k4m4
Awesome Lists,/k4m4/terminals-are-sexy
Amazon Web Services,/MariaDB
Amazon Web Services,/MariaDB/server
Amazon Web Services,/eksctl-io
Amazon Web Services,/eksctl-io/eksctl
Amazon Web Services,/widdix
Amazon Web Services,/widdix/aws-cf-templates
Amazon Web Services,/aws-samples
Amazon Web Services,/aws-samples/aws-workshop-for-kubernetes
Amazon Web Services,/LeanerCloud
Amazon Web Services,/LeanerCloud/AutoSpotting
Amazon Web Services,/aws-amplify
Amazon Web Services,/aws-amplify/aws-sdk-ios
Amazon Web Services,/kananinirav
Amazon Web Services,/kananinirav/AWS-Certified-Cloud-Practitioner-Notes
Amazon Web Services,/dwyl
Amazon Web Services,/dwyl/learn-aws-lambda
Amazon Web Services,/aws-amplify
Amazon Web Services,/aws-amplify/aws-sdk-android
Amazon Web Services,/broamski
Amazon Web Services,/broamski/aws-mfa
Azure,/bregman-arie
Azure,/bregman-arie/devops-exercises
Azure,/microsoft
Azure,/microsoft/generative-ai-for-beginners
Azure,/pulumi
Azure,/pulumi/pulumi
Azure,/recommenders-team
Azure,/recommenders-team/recommenders
Azure,/getsops
Azure,/getsops/sops
Azure,/danny-avila
Azure,/danny-avila/LibreChat
Azure,/ramitsurana
Azure,/ramitsurana/awesome-kubernetes
Azure,/Azure
Azure,/Azure/azure-quickstart-templates
Azure,/caprover
Azure,/caprover/caprover
Azure,/milanm
Azure,/milanm/DevOps-Roadmap
Babel,/babel
Babel,/babel/babel
Babel,/swc-project
Babel,/swc-project/swc
Babel,/nylas
Babel,/nylas/nylas-mail
Babel,/electron-react-boilerplate
Babel,/electron-react-boilerplate/electron-react-boilerplate
Babel,/SimulatedGREG
Babel,/SimulatedGREG/electron-vue
Babel,/grab
Babel,/grab/front-end-guide
Babel,/jamiebuilds
Babel,/jamiebuilds/babel-handbook
Babel,/developit
Babel,/developit/htm
Babel,/grommet
Babel,/grommet/grommet
Babel,/ben-rogerson
Babel,/ben-rogerson/twin.macro
Bash,/jlevy
Bash,/jlevy/the-art-of-command-line
Bash,/nvm-sh
Bash,/nvm-sh/nvm
Bash,/junegunn
Bash,/junegunn/fzf
Bash,/starship
Bash,/starship/starship
Bash,/google
Bash,/google/zx
Bash,/LeCoupa
Bash,/LeCoupa/awesome-cheatsheets
Bash,/acmesh-official
Bash,/acmesh-official/acme.sh
Bash,/dylanaraps
Bash,/dylanaraps/pure-bash-bible
Bash,/koalaman
Bash,/koalaman/shellcheck
Bash,/alebcay
Bash,/alebcay/awesome-shell
Bitcoin,/bitcoin
Bitcoin,/bitcoin/bitcoin
Bitcoin,/ccxt
Bitcoin,/ccxt/ccxt
Bitcoin,/freqtrade
Bitcoin,/freqtrade/freqtrade
Bitcoin,/bitcoinbook
Bitcoin,/bitcoinbook/bitcoinbook
Bitcoin,/HelloZeroNet
Bitcoin,/HelloZeroNet/ZeroNet
Bitcoin,/solana-labs
Bitcoin,/solana-labs/solana
Bitcoin,/bbfamily
Bitcoin,/bbfamily/abu
Bitcoin,/askmike
Bitcoin,/askmike/gekko
Bitcoin,/dvf
Bitcoin,/dvf/blockchain
Bitcoin,/lightningnetwork
Bitcoin,/lightningnetwork/lnd
Bootstrap,/twbs
Bootstrap,/twbs/bootstrap
Bootstrap,/ColorlibHQ
Bootstrap,/ColorlibHQ/AdminLTE
Bootstrap,/tabler
Bootstrap,/tabler/tabler
Bootstrap,/mdbootstrap
Bootstrap,/mdbootstrap/mdb-ui-kit
Bootstrap,/react-bootstrap
Bootstrap,/react-bootstrap/react-bootstrap
Bootstrap,/ColorlibHQ
Bootstrap,/ColorlibHQ/gentelella
Bootstrap,/verekia
Bootstrap,/verekia/js-stack-from-scratch
Bootstrap,/thomaspark
Bootstrap,/thomaspark/bootswatch
Bootstrap,/bootstrap-vue
Bootstrap,/bootstrap-vue/bootstrap-vue
Bootstrap,/selectize
Bootstrap,/selectize/selectize.js
Bot,/ccxt
Bot,/ccxt/ccxt
Bot,/python-telegram-bot
Bot,/python-telegram-bot/python-telegram-bot
Bot,/discordjs
Bot,/discordjs/discord.js
Bot,/wechaty
Bot,/wechaty/wechaty
Bot,/RasaHQ
Bot,/RasaHQ/rasa
Bot,/hubotio
Bot,/hubotio/hubot
Bot,/InstaPy
Bot,/InstaPy/InstaPy
Bot,/leon-ai
Bot,/leon-ai/leon
Bot,/pedroslopez
Bot,/pedroslopez/whatsapp-web.js
Bot,/Rapptz
Bot,/Rapptz/discord.py
C,/Genymobile
C,/Genymobile/scrcpy
C,/neovim
C,/neovim/neovim
C,/obsproject
C,/obsproject/obs-studio
C,/fffaraz
C,/fffaraz/awesome-cpp
C,/git
C,/git/git
C,/FFmpeg
C,/FFmpeg/FFmpeg
C,/serhii-londar
C,/serhii-londar/open-source-mac-os-apps
C,/vim
C,/vim/vim
C,/curl
C,/curl/curl
C,/huihut
C,/huihut/interview
Chrome,/electron
Chrome,/electron/electron
Chrome,/puppeteer
Chrome,/puppeteer/puppeteer
Chrome,/microsoft
Chrome,/microsoft/playwright
Chrome,/iamadamdev
Chrome,/iamadamdev/bypass-paywalls-chrome
Chrome,/FiloSottile
Chrome,/FiloSottile/mkcert
Chrome,/jaywcjlove
Chrome,/jaywcjlove/linux-command
Chrome,/ovity
Chrome,/ovity/octotree
Chrome,/segment-boneyard
Chrome,/segment-boneyard/nightmare
Chrome,/checkly
Chrome,/checkly/headless-recorder
Chrome,/GoogleChrome
Chrome,/GoogleChrome/chrome-extensions-samples
Chrome extension,/iamadamdev
Chrome extension,/iamadamdev/bypass-paywalls-chrome
Chrome extension,/jaywcjlove
Chrome extension,/jaywcjlove/linux-command
Chrome extension,/refined-github
Chrome extension,/refined-github/refined-github
Chrome extension,/openai-translator
Chrome extension,/openai-translator/openai-translator
Chrome extension,/darkreader
Chrome extension,/darkreader/darkreader
Chrome extension,/dailydotdev
Chrome extension,/dailydotdev/daily
Chrome extension,/checkly
Chrome extension,/checkly/headless-recorder
Chrome extension,/gildas-lormeau
Chrome extension,/gildas-lormeau/SingleFile
Chrome extension,/unbug
Chrome extension,/unbug/codelf
Chrome extension,/immersive-translate
Chrome extension,/immersive-translate/immersive-translate
Command line interface,/extrawurst
Command line interface,/extrawurst/gitui
Command line interface,/o2sh
Command line interface,/o2sh/onefetch
Command line interface,/kellyjonbrazil
Command line interface,/kellyjonbrazil/jc
Command line interface,/shobrook
Command line interface,/shobrook/rebound
Command line interface,/fujiapple852
Command line interface,/fujiapple852/trippy
Command line interface,/babarot
Command line interface,/babarot/enhancd
Command line interface,/p-gen
Command line interface,/p-gen/smenu
Command line interface,/reactopt
Command line interface,/reactopt/reactopt
Command line interface,/CITGuru
Command line interface,/CITGuru/PyInquirer
Command line interface,/npkgz
Command line interface,/npkgz/cli-progress
Clojure,/metabase
Clojure,/metabase/metabase
Clojure,/logseq
Clojure,/logseq/logseq
Clojure,/penpot
Clojure,/penpot/penpot
Clojure,/deeplearning4j
Clojure,/deeplearning4j/deeplearning4j
Clojure,/LightTable
Clojure,/LightTable/LightTable
Clojure,/kanaka
Clojure,/kanaka/mal
Clojure,/lk-geimfari
Clojure,/lk-geimfari/awesomo
Clojure,/tonsky
Clojure,/tonsky/datascript
Clojure,/reagent-project
Clojure,/reagent-project/reagent
Clojure,/izhangzhihao
Clojure,/izhangzhihao/intellij-rainbow-brackets
Code quality,/realm
Code quality,/realm/SwiftLint
Code quality,/facebook
Code quality,/facebook/infer
Code quality,/analysis-tools-dev
Code quality,/analysis-tools-dev/static-analysis
Code quality,/federico-busato
Code quality,/federico-busato/Modern-CPP-Programming
Code quality,/Kristories
Code quality,/Kristories/awesome-guidelines
Code quality,/super-linter
Code quality,/super-linter/super-linter
Code quality,/SonarSource
Code quality,/SonarSource/sonarqube
Code quality,/checkstyle
Code quality,/checkstyle/checkstyle
Code quality,/reviewdog
Code quality,/reviewdog/reviewdog
Code quality,/facebook
Code quality,/facebook/pyre-check
Code review,/ovity
Code review,/ovity/octotree
Code review,/gitpod-io
Code review,/gitpod-io/gitpod
Code review,/reviewdog
Code review,/reviewdog/reviewdog
Code review,/danger
Code review,/danger/danger
Code review,/danger
Code review,/danger/danger-js
Code review,/Codium-ai
Code review,/Codium-ai/pr-agent
Code review,/joho
Code review,/joho/awesome-code-review
Code review,/ajinabraham
Code review,/ajinabraham/nodejsscan
Code review,/microsoft
Code review,/microsoft/vscode-pull-request-github
Code review,/crev-dev
Code review,/crev-dev/cargo-crev
Compiler,/vercel
Compiler,/vercel/next.js
Compiler,/rust-lang
Compiler,/rust-lang/rust
Compiler,/sveltejs
Compiler,/sveltejs/svelte
Compiler,/webpack
Compiler,/webpack/webpack
Compiler,/FuelLabs
Compiler,/FuelLabs/sway
Compiler,/gatsbyjs
Compiler,/gatsbyjs/gatsby
Compiler,/JetBrains
Compiler,/JetBrains/kotlin
Compiler,/parcel-bundler
Compiler,/parcel-bundler/parcel
Compiler,/babel
Compiler,/babel/babel
Compiler,/evanw
Compiler,/evanw/esbuild
Continuous integration,/localstack
Continuous integration,/localstack/localstack
Continuous integration,/harness
Continuous integration,/harness/gitness
Continuous integration,/jenkinsci
Continuous integration,/jenkinsci/jenkins
Continuous integration,/auchenberg
Continuous integration,/auchenberg/volkswagen
Continuous integration,/dagger
Continuous integration,/dagger/dagger
Continuous integration,/milanm
Continuous integration,/milanm/DevOps-Roadmap
Continuous integration,/openshift
Continuous integration,/openshift/origin
Continuous integration,/concourse
Continuous integration,/concourse/concourse
Continuous integration,/gocd
Continuous integration,/gocd/gocd
Continuous integration,/buildbot
Continuous integration,/buildbot/buildbot
Cryptocurrency,/bitcoin
Cryptocurrency,/bitcoin/bitcoin
Cryptocurrency,/ccxt
Cryptocurrency,/ccxt/ccxt
Cryptocurrency,/OpenBB-finance
Cryptocurrency,/OpenBB-finance/OpenBB
Cryptocurrency,/freqtrade
Cryptocurrency,/freqtrade/freqtrade
Cryptocurrency,/dogecoin
Cryptocurrency,/dogecoin/dogecoin
Cryptocurrency,/monero-project
Cryptocurrency,/monero-project/monero
Cryptocurrency,/xmrig
Cryptocurrency,/xmrig/xmrig
Cryptocurrency,/kroma-network
Cryptocurrency,/kroma-network/tachyon
Cryptocurrency,/dvf
Cryptocurrency,/dvf/blockchain
Cryptocurrency,/hummingbot
Cryptocurrency,/hummingbot/hummingbot
Crystal,/crystal-lang
Crystal,/crystal-lang/crystal
Crystal,/kemalcr
Crystal,/kemalcr/kemal
Crystal,/veelenga
Crystal,/veelenga/awesome-crystal
Crystal,/luckyframework
Crystal,/luckyframework/lucky
Crystal,/amberframework
Crystal,/amberframework/amber
Crystal,/getmango
Crystal,/getmango/Mango
Crystal,/vitobotta
Crystal,/vitobotta/hetzner-k3s
Crystal,/ffwff
Crystal,/ffwff/lilith
Crystal,/drujensen
Crystal,/drujensen/fib
Crystal,/amethyst-framework
Crystal,/amethyst-framework/amethyst
C#,/Genymobile
C#,/Genymobile/scrcpy
C#,/neovim
C#,/neovim/neovim
C#,/obsproject
C#,/obsproject/obs-studio
C#,/fffaraz
C#,/fffaraz/awesome-cpp
C#,/git
C#,/git/git
C#,/FFmpeg
C#,/FFmpeg/FFmpeg
C#,/serhii-londar
C#,/serhii-londar/open-source-mac-os-apps
C#,/vim
C#,/vim/vim
C#,/curl
C#,/curl/curl
C#,/huihut
C#,/huihut/interview
CSS,/twbs
CSS,/twbs/bootstrap
CSS,/Chalarangelo
CSS,/Chalarangelo/30-seconds-of-code
CSS,/electron
CSS,/electron/electron
CSS,/microsoft
CSS,/microsoft/Web-Dev-For-Beginners
CSS,/tailwindlabs
CSS,/tailwindlabs/tailwindcss
CSS,/animate-css
CSS,/animate-css/animate.css
CSS,/florinpop17
CSS,/florinpop17/app-ideas
CSS,/FortAwesome
CSS,/FortAwesome/Font-Awesome
CSS,/thedaviddias
CSS,/thedaviddias/Front-End-Checklist
CSS,/h5bp
CSS,/h5bp/html5-boilerplate
Data structures,/jwasham
Data structures,/jwasham/coding-interview-university
Data structures,/trekhleb
Data structures,/trekhleb/javascript-algorithms
Data structures,/labuladong
Data structures,/labuladong/fucking-algorithm
Data structures,/krahets
Data structures,/krahets/hello-algo
Data structures,/TheAlgorithms
Data structures,/TheAlgorithms/Java
Data structures,/azl397985856
Data structures,/azl397985856/leetcode
Data structures,/huihut
Data structures,/huihut/interview
Data structures,/TheAlgorithms
Data structures,/TheAlgorithms/JavaScript
Data structures,/TheAlgorithms
Data structures,/TheAlgorithms/C-Plus-Plus
Data structures,/kodecocodes
Data structures,/kodecocodes/swift-algorithm-club
Data visualization,/d3
Data visualization,/d3/d3
Data visualization,/netdata
Data visualization,/netdata/netdata
Data visualization,/grafana
Data visualization,/grafana/grafana
Data visualization,/apache
Data visualization,/apache/superset
Data visualization,/apache
Data visualization,/apache/echarts
Data visualization,/pixijs
Data visualization,/pixijs/pixijs
Data visualization,/metabase
Data visualization,/metabase/metabase
Data visualization,/streamlit
Data visualization,/streamlit/streamlit
Data visualization,/gradio-app
Data visualization,/gradio-app/gradio
Data visualization,/microsoft
Data visualization,/microsoft/Data-Science-For-Beginners
Database,/netdata
Database,/netdata/netdata
Database,/supabase
Database,/supabase/supabase
Database,/redis
Database,/redis/redis
Database,/etcd-io
Database,/etcd-io/etcd
Database,/meilisearch
Database,/meilisearch/meilisearch
Database,/LeCoupa
Database,/LeCoupa/awesome-cheatsheets
Database,/dbeaver
Database,/dbeaver/dbeaver
Database,/prisma
Database,/prisma/prisma
Database,/metabase
Database,/metabase/metabase
Database,/pingcap
Database,/pingcap/tidb
Deep learning,/tensorflow
Deep learning,/tensorflow/tensorflow
Deep learning,/AUTOMATIC1111
Deep learning,/AUTOMATIC1111/stable-diffusion-webui
Deep learning,/huggingface
Deep learning,/huggingface/transformers
Deep learning,/pytorch
Deep learning,/pytorch/pytorch
Deep learning,/opencv
Deep learning,/opencv/opencv
Deep learning,/Developer-Y
Deep learning,/Developer-Y/cs-video-courses
Deep learning,/keras-team
Deep learning,/keras-team/keras
Deep learning,/d2l-ai
Deep learning,/d2l-ai/d2l-zh
Deep learning,/labmlai
Deep learning,/labmlai/annotated_deep_learning_paper_implementations
Deep learning,/CorentinJ
Deep learning,/CorentinJ/Real-Time-Voice-Cloning
Dependency management,/pointfreeco
Dependency management,/pointfreeco/swift-dependencies
Dependency management,/GetStream
Dependency management,/GetStream/vg
Dependency management,/ehmicky
Dependency management,/ehmicky/nve
Dependency management,/gradle
Dependency management,/gradle/gradle-build-action
Dependency management,/gauge-sh
Dependency management,/gauge-sh/tach
Dependency management,/coenjacobs
Dependency management,/coenjacobs/mozart
Dependency management,/kiliankoe
Dependency management,/kiliankoe/swift-outdated
Dependency management,/bureado
Dependency management,/bureado/awesome-software-supply-chain-security
Dependency management,/thoth-station
Dependency management,/thoth-station/micropipenv
Dependency management,/netlify
Dependency management,/netlify/framework-info
Deployment,/fastlane
Deployment,/fastlane/fastlane
Deployment,/ray-project
Deployment,/ray-project/ray
Deployment,/capistrano
Deployment,/capistrano/capistrano
Deployment,/caprover
Deployment,/caprover/caprover
Deployment,/dagger
Deployment,/dagger/dagger
Deployment,/deployphp
Deployment,/deployphp/deployer
Deployment,/apex
Deployment,/apex/up
Deployment,/AppImage
Deployment,/AppImage/AppImageKit
Deployment,/chef
Deployment,/chef/chef
Deployment,/gitname
Deployment,/gitname/react-gh-pages
Django,/django
Django,/django/django
Django,/LeCoupa
Django,/LeCoupa/awesome-cheatsheets
Django,/getsentry
Django,/getsentry/sentry
Django,/encode
Django,/encode/django-rest-framework
Django,/makeplane
Django,/makeplane/plane
Django,/jumpserver
Django,/jumpserver/jumpserver
Django,/paperless-ngx
Django,/paperless-ngx/paperless-ngx
Django,/wagtail
Django,/wagtail/wagtail
Django,/netbox-community
Django,/netbox-community/netbox
Django,/ansible
Django,/ansible/awx
Docker,/macrozheng
Docker,/macrozheng/mall
Docker,/netdata
Docker,/netdata/netdata
Docker,/moby
Docker,/moby/moby
Docker,/bregman-arie
Docker,/bregman-arie/devops-exercises
Docker,/louislam
Docker,/louislam/uptime-kuma
Docker,/traefik
Docker,/traefik/traefik
Docker,/mastodon
Docker,/mastodon/mastodon
Docker,/wagoodman
Docker,/wagoodman/dive
Docker,/gogs
Docker,/gogs/gogs
Docker,/n8n-io
Docker,/n8n-io/n8n
Documentation,/jlevy
Documentation,/jlevy/the-art-of-command-line
Documentation,/storybookjs
Documentation,/storybookjs/storybook
Documentation,/mermaid-js
Documentation,/mermaid-js/mermaid
Documentation,/facebook
Documentation,/facebook/docusaurus
Documentation,/tldr-pages
Documentation,/tldr-pages/tldr
Documentation,/charlax
Documentation,/charlax/professional-programming
Documentation,/chubin
Documentation,/chubin/cheat.sh
Documentation,/satwikkansal
Documentation,/satwikkansal/wtfpython
Documentation,/freeCodeCamp
Documentation,/freeCodeCamp/devdocs
Documentation,/docsifyjs
Documentation,/docsifyjs/docsify
Electron,/microsoft
Electron,/microsoft/vscode
Electron,/electron
Electron,/electron/electron
Electron,/microsoft
Electron,/microsoft/playwright
Electron,/atom
Electron,/atom/atom
Electron,/marktext
Electron,/marktext/marktext
Electron,/laurent22
Electron,/laurent22/joplin
Electron,/agalwood
Electron,/agalwood/Motrix
Electron,/GitSquared
Electron,/GitSquared/edex-ui
Electron,/lyswhut
Electron,/lyswhut/lx-music-desktop
Electron,/toeverything
Electron,/toeverything/AFFiNE
Elixir,/asdf-vm
Elixir,/asdf-vm/asdf
Elixir,/phoenixframework
Elixir,/phoenixframework/phoenix
Elixir,/plausible
Elixir,/plausible/analytics
Elixir,/lk-geimfari
Elixir,/lk-geimfari/awesomo
Elixir,/benawad
Elixir,/benawad/dogehouse
Elixir,/oldratlee
Elixir,/oldratlee/translations
Elixir,/supabase
Elixir,/supabase/realtime
Elixir,/firezone
Elixir,/firezone/firezone
Elixir,/papercups-io
Elixir,/papercups-io/papercups
Elixir,/electric-sql
Elixir,/electric-sql/electric
Emacs,/syl20bnr
Emacs,/syl20bnr/spacemacs
Emacs,/doomemacs
Emacs,/doomemacs/doomemacs
Emacs,/khoj-ai
Emacs,/khoj-ai/khoj
Emacs,/mickael-kerjean
Emacs,/mickael-kerjean/filestash
Emacs,/atlas-engineer
Emacs,/atlas-engineer/nyxt
Emacs,/emacs-tw
Emacs,/emacs-tw/awesome-emacs
Emacs,/magit
Emacs,/magit/magit
Emacs,/bbatsov
Emacs,/bbatsov/prelude
Emacs,/emacs-lsp
Emacs,/emacs-lsp/lsp-mode
Emacs,/remacs
Emacs,/remacs/remacs
Ember,/storybookjs
Ember,/storybookjs/storybook
Ember,/discourse
Ember,/discourse/discourse
Ember,/emberjs
Ember,/emberjs/ember.js
Ember,/szimek
Ember,/szimek/sharedrop
Ember,/text-mask
Ember,/text-mask/text-mask
Ember,/getsentry
Ember,/getsentry/sentry-javascript
Ember,/ember-cli
Ember,/ember-cli/ember-cli
Ember,/emberjs
Ember,/emberjs/data
Ember,/matschik
Ember,/matschik/component-party.dev
Ember,/krakenjs
Ember,/krakenjs/zoid
Emoji,/Textualize
Emoji,/Textualize/rich
Emoji,/marktext
Emoji,/marktext/marktext
Emoji,/twitter
Emoji,/twitter/twemoji
Emoji,/carloscuesta
Emoji,/carloscuesta/gitmoji
Emoji,/tindy2013
Emoji,/tindy2013/subconverter
Emoji,/ikatyang
Emoji,/ikatyang/emoji-cheat-sheet
Emoji,/microsoft
Emoji,/microsoft/fluentui-emoji
Emoji,/missive
Emoji,/missive/emoji-mart
Emoji,/carloscuesta
Emoji,/carloscuesta/gitmoji-cli
Emoji,/github
Emoji,/github/gemoji
Emulator,/Ryujinx
Emulator,/Ryujinx/Ryujinx
Emulator,/copy
Emulator,/copy/v86
Emulator,/ish-app
Emulator,/ish-app/ish
Emulator,/OpenEmu
Emulator,/OpenEmu/OpenEmu
Emulator,/ruffle-rs
Emulator,/ruffle-rs/ruffle
Emulator,/RPCS3
Emulator,/RPCS3/rpcs3
Emulator,/dolphin-emu
Emulator,/dolphin-emu/dolphin
Emulator,/PCSX2
Emulator,/PCSX2/pcsx2
Emulator,/budtmo
Emulator,/budtmo/docker-android
Emulator,/amitshekhariitbhu
Emulator,/amitshekhariitbhu/Android-Debug-Database
ESLint,/airbnb
ESLint,/airbnb/javascript
ESLint,/goldbergyoni
ESLint,/goldbergyoni/nodebestpractices
ESLint,/standard
ESLint,/standard/standard
ESLint,/eslint
ESLint,/eslint/eslint
ESLint,/electron-react-boilerplate
ESLint,/electron-react-boilerplate/electron-react-boilerplate
ESLint,/verekia
ESLint,/verekia/js-stack-from-scratch
ESLint,/grab
ESLint,/grab/front-end-guide
ESLint,/typescript-eslint
ESLint,/typescript-eslint/typescript-eslint
ESLint,/lint-staged
ESLint,/lint-staged/lint-staged
ESLint,/noodle-run
ESLint,/noodle-run/noodle
Ethereum,/ethereum
Ethereum,/ethereum/go-ethereum
Ethereum,/ccxt
Ethereum,/ccxt/ccxt
Ethereum,/OpenZeppelin
Ethereum,/OpenZeppelin/openzeppelin-contracts
Ethereum,/ethereum
Ethereum,/ethereum/solidity
Ethereum,/ethereumbook
Ethereum,/ethereumbook/ethereumbook
Ethereum,/web3
Ethereum,/web3/web3.js
Ethereum,/sismo-core
Ethereum,/sismo-core/sismo-badges
Ethereum,/trufflesuite
Ethereum,/trufflesuite/truffle
Ethereum,/smartcontractkit
Ethereum,/smartcontractkit/full-blockchain-solidity-course-js
Ethereum,/MetaMask
Ethereum,/MetaMask/metamask-extension
Express,/goldbergyoni
Express,/goldbergyoni/nodebestpractices
Express,/expressjs
Express,/expressjs/express
Express,/gofiber
Express,/gofiber/fiber
Express,/goldbergyoni
Express,/goldbergyoni/javascript-testing-best-practices
Express,/jaredhanson
Express,/jaredhanson/passport
Express,/payloadcms
Express,/payloadcms/payload
Express,/nswbmw
Express,/nswbmw/N-blog
Express,/apollographql
Express,/apollographql/apollo-server
Express,/graphile
Express,/graphile/crystal
Express,/bailicangdu
Express,/bailicangdu/node-elm
Firebase,/supabase
Firebase,/supabase/supabase
Firebase,/appwrite
Firebase,/appwrite/appwrite
Firebase,/kriasoft
Firebase,/kriasoft/react-starter-kit
Firebase,/pubkey
Firebase,/pubkey/rxdb
Firebase,/firebase
Firebase,/firebase/functions-samples
Firebase,/invertase
Firebase,/invertase/react-native-firebase
Firebase,/firebase
Firebase,/firebase/quickstart-android
Firebase,/firebase
Firebase,/firebase/flutterfire
Firebase,/microg
Firebase,/microg/GmsCore
Firebase,/nhost
Firebase,/nhost/nhost
Firefox,/microsoft
Firefox,/microsoft/playwright
Firefox,/iamadamdev
Firefox,/iamadamdev/bypass-paywalls-chrome
Firefox,/FiloSottile
Firefox,/FiloSottile/mkcert
Firefox,/gorhill
Firefox,/gorhill/uBlock
Firefox,/ovity
Firefox,/ovity/octotree
Firefox,/ArchiveBox
Firefox,/ArchiveBox/ArchiveBox
Firefox,/gildas-lormeau
Firefox,/gildas-lormeau/SingleFile
Firefox,/Anarios
Firefox,/Anarios/return-youtube-dislike
Firefox,/mozilla-mobile
Firefox,/mozilla-mobile/firefox-ios
Firefox,/crimx
Firefox,/crimx/ext-saladict
Flask,/pallets
Flask,/pallets/flask
Flask,/apache
Flask,/apache/superset
Flask,/Asabeneh
Flask,/Asabeneh/30-Days-Of-Python
Flask,/plotly
Flask,/plotly/dash
Flask,/humiaozuzu
Flask,/humiaozuzu/awesome-flask
Flask,/Miserlou
Flask,/Miserlou/Zappa
Flask,/benbusby
Flask,/benbusby/whoogle-search
Flask,/miguelgrinberg
Flask,/miguelgrinberg/flasky
Flask,/vvbbnn00
Flask,/vvbbnn00/WARP-Clash-API
Flask,/jofpin
Flask,/jofpin/trape
Font,/tonsky
Font,/tonsky/FiraCode
Font,/FortAwesome
Font,/FortAwesome/Font-Awesome
Font,/ryanoasis
Font,/ryanoasis/nerd-fonts
Font,/you-dont-need
Font,/you-dont-need/You-Dont-Need-JavaScript
Font,/be5invis
Font,/be5invis/Iosevka
Font,/rsms
Font,/rsms/inter
Font,/lxgw
Font,/lxgw/LxgwWenKai
Font,/source-foundry
Font,/source-foundry/Hack
Font,/gztchan
Font,/gztchan/awesome-design
Font,/faressoft
Font,/faressoft/terminalizer
Framework,/vuejs
Framework,/vuejs/vue
Framework,/django
Framework,/django/django
Framework,/laravel
Framework,/laravel/laravel
Framework,/gin-gonic
Framework,/gin-gonic/gin
Framework,/spring-projects
Framework,/spring-projects/spring-boot
Framework,/tiangolo
Framework,/tiangolo/fastapi
Framework,/nestjs
Framework,/nestjs/nest
Framework,/ocornut
Framework,/ocornut/imgui
Framework,/spring-projects
Framework,/spring-projects/spring-framework
Framework,/rails
Framework,/rails/rails
Front end,/h5bp
Front end,/h5bp/Front-end-Developer-Interview-Questions
Front end,/yangshun
Front end,/yangshun/front-end-interview-handbook
Front end,/qianguyihao
Front end,/qianguyihao/Web
Front end,/haizlin
Front end,/haizlin/fe-interview
Front end,/bevacqua
Front end,/bevacqua/dragula
Front end,/teambit
Front end,/teambit/bit
Front end,/grab
Front end,/grab/front-end-guide
Front end,/bower
Front end,/bower/bower
Front end,/felipefialho
Front end,/felipefialho/frontend-challenges
Front end,/single-spa
Front end,/single-spa/single-spa
Game engine,/godotengine
Game engine,/godotengine/godot
Game engine,/ocornut
Game engine,/ocornut/imgui
Game engine,/bevyengine
Game engine,/bevyengine/bevy
Game engine,/libgdx
Game engine,/libgdx/libgdx
Game engine,/BabylonJS
Game engine,/BabylonJS/Babylon.js
Game engine,/leereilly
Game engine,/leereilly/games
Game engine,/raysan5
Game engine,/raysan5/raylib
Game engine,/cocos2d
Game engine,/cocos2d/cocos2d-x
Game engine,/aframevr
Game engine,/aframevr/aframe
Game engine,/OpenRA
Game engine,/OpenRA/OpenRA
Git,/github
Git,/github/gitignore
Git,/Chalarangelo
Git,/Chalarangelo/30-seconds-of-code
Git,/bregman-arie
Git,/bregman-arie/devops-exercises
Git,/jesseduffield
Git,/jesseduffield/lazygit
Git,/sharkdp
Git,/sharkdp/bat
Git,/tiimgreen
Git,/tiimgreen/github-cheat-sheet
Git,/gogs
Git,/gogs/gogs
Git,/go-gitea
Git,/go-gitea/gitea
Git,/cli
Git,/cli/cli
Git,/files-community
Git,/files-community/Files
GitHub API,/mislav
GitHub API,/mislav/hub
GitHub API,/tipsy
GitHub API,/tipsy/profile-summary-for-github
GitHub API,/lowlighter
GitHub API,/lowlighter/metrics
GitHub API,/rzashakeri
GitHub API,/rzashakeri/beautify-github-profile
GitHub API,/avgupta456
GitHub API,/avgupta456/github-trends
GitHub API,/google
GitHub API,/google/go-github
GitHub API,/devhubapp
GitHub API,/devhubapp/devhub
GitHub API,/donnemartin
GitHub API,/donnemartin/gitsome
GitHub API,/github-changelog-generator
GitHub API,/github-changelog-generator/github-changelog-generator
GitHub API,/PyGithub
GitHub API,/PyGithub/PyGithub
Go,/avelino
Go,/avelino/awesome-go
Go,/golang
Go,/golang/go
Go,/kubernetes
Go,/kubernetes/kubernetes
Go,/fatedier
Go,/fatedier/frp
Go,/ollama
Go,/ollama/ollama
Go,/gin-gonic
Go,/gin-gonic/gin
Go,/gohugoio
Go,/gohugoio/hugo
Go,/moby
Go,/moby/moby
Go,/syncthing
Go,/syncthing/syncthing
Go,/junegunn
Go,/junegunn/fzf
Google,/google-research
Google,/google-research/bert
Google,/google
Google,/google/comprehensive-rust
Google,/danny-avila
Google,/danny-avila/LibreChat
Google,/mxrch
Google,/mxrch/GHunt
Google,/google
Google,/google/yapf
Google,/firebase
Google,/firebase/functions-samples
Google,/googleapis
Google,/googleapis/google-api-nodejs-client
Google,/Pawdroid
Google,/Pawdroid/Free-servers
Google,/infracost
Google,/infracost/infracost
Google,/google
Google,/google/dopamine
Gradle,/gradle
Gradle,/gradle/gradle
Gradle,/GoogleContainerTools
Gradle,/GoogleContainerTools/jib
Gradle,/inferjay
Gradle,/inferjay/AndroidDevTools
Gradle,/cabaletta
Gradle,/cabaletta/baritone
Gradle,/Meituan-Dianping
Gradle,/Meituan-Dianping/walle
Gradle,/igorwojda
Gradle,/igorwojda/android-showcase
Gradle,/hibernate
Gradle,/hibernate/hibernate-orm
Gradle,/mcxiaoke
Gradle,/mcxiaoke/packer-ng-plugin
Gradle,/nisrulz
Gradle,/nisrulz/android-tips-tricks
Gradle,/Meituan-Dianping
Gradle,/Meituan-Dianping/Robust
GraphQL,/strapi
GraphQL,/strapi/strapi
GraphQL,/hoppscotch
GraphQL,/hoppscotch/hoppscotch
GraphQL,/gatsbyjs
GraphQL,/gatsbyjs/gatsby
GraphQL,/prettier
GraphQL,/prettier/prettier
GraphQL,/TanStack
GraphQL,/TanStack/query
GraphQL,/Kong
GraphQL,/Kong/insomnia
GraphQL,/hasura
GraphQL,/hasura/graphql-engine
GraphQL,/directus
GraphQL,/directus/directus
GraphQL,/refinedev
GraphQL,/refinedev/refine
GraphQL,/marmelab
GraphQL,/marmelab/react-admin
Gulp,/miniMAC
Gulp,/miniMAC/magic
Gulp,/vigetlabs
Gulp,/vigetlabs/blendid
Gulp,/nieweidong
Gulp,/nieweidong/fetool
Gulp,/assemble
Gulp,/assemble/assemble
Gulp,/yeoman
Gulp,/yeoman/generator-webapp
Gulp,/EmailThis
Gulp,/EmailThis/extension-boilerplate
Gulp,/Tencent
Gulp,/Tencent/WeFlow
Gulp,/MicrosoftDX
Gulp,/MicrosoftDX/Vorlonjs
Gulp,/nas5w
Gulp,/nas5w/100-days-of-code-frontend
Gulp,/ykob
Gulp,/ykob/sketch-threejs
Hacktoberfest,/freeCodeCamp
Hacktoberfest,/freeCodeCamp/freeCodeCamp
Hacktoberfest,/EbookFoundation
Hacktoberfest,/EbookFoundation/free-programming-books
Hacktoberfest,/TheAlgorithms
Hacktoberfest,/TheAlgorithms/Python
Hacktoberfest,/ohmyzsh
Hacktoberfest,/ohmyzsh/ohmyzsh
Hacktoberfest,/huggingface
Hacktoberfest,/huggingface/transformers
Hacktoberfest,/avelino
Hacktoberfest,/avelino/awesome-go
Hacktoberfest,/axios
Hacktoberfest,/axios/axios
Hacktoberfest,/rust-lang
Hacktoberfest,/rust-lang/rust
Hacktoberfest,/microsoft
Hacktoberfest,/microsoft/terminal
Hacktoberfest,/mui
Hacktoberfest,/mui/material-ui
Haskell,/koalaman
Haskell,/koalaman/shellcheck
Haskell,/jgm
Haskell,/jgm/pandoc
Haskell,/hasura
Haskell,/hasura/graphql-engine
Haskell,/PostgREST
Haskell,/PostgREST/postgrest
Haskell,/compiler-explorer
Haskell,/compiler-explorer/compiler-explorer
Haskell,/wasp-lang
Haskell,/wasp-lang/wasp
Haskell,/hmemcpy
Haskell,/hmemcpy/milewski-ctfp-pdf
Haskell,/hadolint
Haskell,/hadolint/hadolint
Haskell,/lk-geimfari
Haskell,/lk-geimfari/awesomo
Haskell,/purescript
Haskell,/purescript/purescript
Homebrew,/Homebrew
Homebrew,/Homebrew/brew
Homebrew,/mislav
Homebrew,/mislav/hub
Homebrew,/Homebrew
Homebrew,/Homebrew/homebrew-cask
Homebrew,/Caldis
Homebrew,/Caldis/Mos
Homebrew,/Homebrew
Homebrew,/Homebrew/homebrew-core
Homebrew,/goreleaser
Homebrew,/goreleaser/goreleaser
Homebrew,/mas-cli
Homebrew,/mas-cli/mas
Homebrew,/IdreesInc
Homebrew,/IdreesInc/Monocraft
Homebrew,/diasurgical
Homebrew,/diasurgical/devilutionX
Homebrew,/geerlingguy
Homebrew,/geerlingguy/mac-dev-playbook
Homebridge,/homebridge
Homebridge,/homebridge/homebridge
Homebridge,/homebridge
Homebridge,/homebridge/homebridge-config-ui-x
Homebridge,/homebridge
Homebridge,/homebridge/docker-homebridge
Homebridge,/hjdhjd
Homebridge,/hjdhjd/homebridge-unifi-protect
Homebridge,/dgreif
Homebridge,/dgreif/ring
Homebridge,/YinHangCode
Homebridge,/YinHangCode/homebridge-mi-aqara
Homebridge,/Sunoo
Homebridge,/Sunoo/homebridge-camera-ffmpeg
Homebridge,/homebridge
Homebridge,/homebridge/homebridge-raspbian-image
Homebridge,/merdok
Homebridge,/merdok/homebridge-webos-tv
Homebridge,/tavicu
Homebridge,/tavicu/homebridge-samsung-tizen
HTML,/twbs
HTML,/twbs/bootstrap
HTML,/Chalarangelo
HTML,/Chalarangelo/30-seconds-of-code
HTML,/electron
HTML,/electron/electron
HTML,/storybookjs
HTML,/storybookjs/storybook
HTML,/microsoft
HTML,/microsoft/Web-Dev-For-Beginners
HTML,/florinpop17
HTML,/florinpop17/app-ideas
HTML,/thedaviddias
HTML,/thedaviddias/Front-End-Checklist
HTML,/h5bp
HTML,/h5bp/html5-boilerplate
HTML,/rails
HTML,/rails/rails
HTML,/jgthms
HTML,/jgthms/bulma
HTTP,/hoppscotch
HTTP,/hoppscotch/hoppscotch
HTTP,/caddyserver
HTTP,/caddyserver/caddy
HTTP,/psf
HTTP,/psf/requests
HTTP,/ngosang
HTTP,/ngosang/trackerslist
HTTP,/apache
HTTP,/apache/dubbo
HTTP,/mitmproxy
HTTP,/mitmproxy/mitmproxy
HTTP,/curl
HTTP,/curl/curl
HTTP,/aria2
HTTP,/aria2/aria2
HTTP,/httpie
HTTP,/httpie/cli
HTTP,/ehang-io
HTTP,/ehang-io/nps
Icon font,/ryanoasis
Icon font,/ryanoasis/nerd-fonts
Icon font,/neutraltone
Icon font,/neutraltone/awesome-stock-resources
Icon font,/akveo
Icon font,/akveo/eva-icons
Icon font,/Remix-Design
Icon font,/Remix-Design/RemixIcon
Icon font,/ecomfe
Icon font,/ecomfe/fontmin
Icon font,/mikepenz
Icon font,/mikepenz/Android-Iconics
Icon font,/phosphor-icons
Icon font,/phosphor-icons/homepage
Icon font,/refscn
Icon font,/refscn/rplibs
Icon font,/atisawd
Icon font,/atisawd/boxicons
Icon font,/coreui
Icon font,/coreui/coreui-icons
iOS,/flutter
iOS,/flutter/flutter
iOS,/facebook
iOS,/facebook/react-native
iOS,/justjavac
iOS,/justjavac/free-programming-books-zh_CN
iOS,/Solido
iOS,/Solido/awesome-flutter
iOS,/ionic-team
iOS,/ionic-team/ionic-framework
iOS,/google
iOS,/google/material-design-icons
iOS,/ultralytics
iOS,/ultralytics/yolov5
iOS,/FiloSottile
iOS,/FiloSottile/mkcert
iOS,/vsouza
iOS,/vsouza/awesome-ios
iOS,/appwrite
iOS,/appwrite/appwrite
IPFS,/heyxyz
IPFS,/heyxyz/hey
IPFS,/ipfs
IPFS,/ipfs/ipfs
IPFS,/ipfs
IPFS,/ipfs/kubo
IPFS,/smartcontractkit
IPFS,/smartcontractkit/full-blockchain-solidity-course-js
IPFS,/orbitdb
IPFS,/orbitdb/orbitdb
IPFS,/TeamPiped
IPFS,/TeamPiped/Piped
IPFS,/ipfs
IPFS,/ipfs/js-ipfs
IPFS,/berty
IPFS,/berty/berty
IPFS,/ipfs
IPFS,/ipfs/ipfs-desktop
IPFS,/soketi
IPFS,/soketi/soketi
Java,/CyC2018
Java,/CyC2018/CS-Notes
Java,/Snailclimb
Java,/Snailclimb/JavaGuide
Java,/iluwatar
Java,/iluwatar/java-design-patterns
Java,/macrozheng
Java,/macrozheng/mall
Java,/doocs
Java,/doocs/advanced-java
Java,/spring-projects
Java,/spring-projects/spring-boot
Java,/elastic
Java,/elastic/elasticsearch
Java,/kdn251
Java,/kdn251/interviews
Java,/TheAlgorithms
Java,/TheAlgorithms/Java
Java,/azl397985856
Java,/azl397985856/leetcode
JavaScript,/freeCodeCamp
JavaScript,/freeCodeCamp/freeCodeCamp
JavaScript,/facebook
JavaScript,/facebook/react
JavaScript,/vuejs
JavaScript,/vuejs/vue
JavaScript,/trekhleb
JavaScript,/trekhleb/javascript-algorithms
JavaScript,/practical-tutorials
JavaScript,/practical-tutorials/project-based-learning
JavaScript,/getify
JavaScript,/getify/You-Dont-Know-JS
JavaScript,/twbs
JavaScript,/twbs/bootstrap
JavaScript,/airbnb
JavaScript,/airbnb/javascript
JavaScript,/Chalarangelo
JavaScript,/Chalarangelo/30-seconds-of-code
JavaScript,/electron
JavaScript,/electron/electron
Jekyll,/jekyll
Jekyll,/jekyll/jekyll
Jekyll,/tabler
Jekyll,/tabler/tabler
Jekyll,/mmistakes
Jekyll,/mmistakes/minimal-mistakes
Jekyll,/alshedivat
Jekyll,/alshedivat/al-folio
Jekyll,/primer
Jekyll,/primer/octicons
Jekyll,/just-the-docs
Jekyll,/just-the-docs/just-the-docs
Jekyll,/cotes2020
Jekyll,/cotes2020/jekyll-theme-chirpy
Jekyll,/daattali
Jekyll,/daattali/beautiful-jekyll
Jekyll,/mqtt
Jekyll,/mqtt/mqtt.org
Jekyll,/home-assistant
Jekyll,/home-assistant/home-assistant.io
jQuery,/jquery
jQuery,/jquery/jquery
jQuery,/NervJS
jQuery,/NervJS/taro
jQuery,/alvarotrigo
jQuery,/alvarotrigo/fullPage.js
jQuery,/cheeriojs
jQuery,/cheeriojs/cheerio
jQuery,/select2
jQuery,/select2/select2
jQuery,/nhn
jQuery,/nhn/tui.editor
jQuery,/PuerkitoBio
jQuery,/PuerkitoBio/goquery
jQuery,/pandao
jQuery,/pandao/editor.md
jQuery,/selectize
jQuery,/selectize/selectize.js
jQuery,/jessepollak
jQuery,/jessepollak/card
JSON,/tiangolo
JSON,/tiangolo/fastapi
JSON,/prettier
JSON,/prettier/prettier
JSON,/chinese-poetry
JSON,/chinese-poetry/chinese-poetry
JSON,/Asabeneh
JSON,/Asabeneh/30-Days-Of-JavaScript
JSON,/nlohmann
JSON,/nlohmann/json
JSON,/SheetJS
JSON,/SheetJS/sheetjs
JSON,/httpie
JSON,/httpie/cli
JSON,/AykutSarac
JSON,/AykutSarac/jsoncrack.com
JSON,/dromara
JSON,/dromara/hutool
JSON,/codex-team
JSON,/codex-team/editor.js
Jupyter Notebook,/jakevdp
Jupyter Notebook,/jakevdp/PythonDataScienceHandbook
Jupyter Notebook,/CamDavidsonPilon
Jupyter Notebook,/CamDavidsonPilon/Probabilistic-Programming-and-Bayesian-Methods-for-Hackers
Jupyter Notebook,/ageron
Jupyter Notebook,/ageron/handson-ml
Jupyter Notebook,/trekhleb
Jupyter Notebook,/trekhleb/homemade-machine-learning
Jupyter Notebook,/MLEveryday
Jupyter Notebook,/MLEveryday/100-Days-Of-ML-Code
Jupyter Notebook,/recommenders-team
Jupyter Notebook,/recommenders-team/recommenders
Jupyter Notebook,/emilwallner
Jupyter Notebook,/emilwallner/Screenshot-to-code
Jupyter Notebook,/plotly
Jupyter Notebook,/plotly/plotly.py
Jupyter Notebook,/ydataai
Jupyter Notebook,/ydataai/ydata-profiling
Jupyter Notebook,/chenyuntc
Jupyter Notebook,/chenyuntc/pytorch-book
Koa,/strapi
Koa,/strapi/strapi
Koa,/koajs
Koa,/koajs/koa
Koa,/eggjs
Koa,/eggjs/egg
Koa,/apollographql
Koa,/apollographql/apollo-server
Koa,/graphile
Koa,/graphile/crystal
Koa,/r-spacex
Koa,/r-spacex/SpaceX-API
Koa,/aui
Koa,/aui/art-template
Koa,/chenshenhai
Koa,/chenshenhai/koa2-note
Koa,/berwin
Koa,/berwin/Blog
Koa,/simov
Koa,/simov/grant
Kotlin,/justjavac
Kotlin,/justjavac/free-programming-books-zh_CN
Kotlin,/JetBrains
Kotlin,/JetBrains/kotlin
Kotlin,/square
Kotlin,/square/okhttp
Kotlin,/square
Kotlin,/square/leakcanary
Kotlin,/NativeScript
Kotlin,/NativeScript/NativeScript
Kotlin,/google
Kotlin,/google/iosched
Kotlin,/tipsy
Kotlin,/tipsy/profile-summary-for-github
Kotlin,/afollestad
Kotlin,/afollestad/material-dialogs
Kotlin,/gkd-kit
Kotlin,/gkd-kit/gkd
Kotlin,/yuliskov
Kotlin,/yuliskov/SmartTube
Kubernetes,/kubernetes
Kubernetes,/kubernetes/kubernetes
Kubernetes,/netdata
Kubernetes,/netdata/netdata
Kubernetes,/bregman-arie
Kubernetes,/bregman-arie/devops-exercises
Kubernetes,/traefik
Kubernetes,/traefik/traefik
Kubernetes,/etcd-io
Kubernetes,/etcd-io/etcd
Kubernetes,/minio
Kubernetes,/minio/minio
Kubernetes,/LeCoupa
Kubernetes,/LeCoupa/awesome-cheatsheets
Kubernetes,/Kong
Kubernetes,/Kong/kong
Kubernetes,/istio
Kubernetes,/istio/istio
Kubernetes,/GitHubDaily
Kubernetes,/GitHubDaily/GitHubDaily
Laravel,/laravel
Laravel,/laravel/laravel
Laravel,/laravel
Laravel,/laravel/framework
Laravel,/monicahq
Laravel,/monicahq/monica
Laravel,/barryvdh
Laravel,/barryvdh/laravel-debugbar
Laravel,/filamentphp
Laravel,/filamentphp/filament
Laravel,/koel
Laravel,/koel/koel
Laravel,/flarum
Laravel,/flarum/flarum
Laravel,/BookStackApp
Laravel,/BookStackApp/BookStack
Laravel,/barryvdh
Laravel,/barryvdh/laravel-ide-helper
Laravel,/cachethq
Laravel,/cachethq/cachet
LaTeX,/marktext
LaTeX,/marktext/marktext
LaTeX,/posquit0
LaTeX,/posquit0/Awesome-CV
LaTeX,/HarisIqbal88
LaTeX,/HarisIqbal88/PlotNeuralNet
LaTeX,/KaTeX
LaTeX,/KaTeX/KaTeX
LaTeX,/lukas-blecher
LaTeX,/lukas-blecher/LaTeX-OCR
LaTeX,/hmemcpy
LaTeX,/hmemcpy/milewski-ctfp-pdf
LaTeX,/mathjax
LaTeX,/mathjax/MathJax
LaTeX,/billryan
LaTeX,/billryan/resume
LaTeX,/garrettj403
LaTeX,/garrettj403/SciencePlots
LaTeX,/Wandmalfarbe
LaTeX,/Wandmalfarbe/pandoc-latex-template
Library,/facebook
Library,/facebook/react
Library,/ocornut
Library,/ocornut/imgui
Library,/curl
Library,/curl/curl
Library,/ccxt
Library,/ccxt/ccxt
Library,/acheong08
Library,/acheong08/ChatGPT
Library,/nextui-org
Library,/nextui-org/nextui
Library,/mojs
Library,/mojs/mojs
Library,/framework7io
Library,/framework7io/framework7
Library,/dgraph-io
Library,/dgraph-io/badger
Library,/OpenGenus
Library,/OpenGenus/cosmos
Linux,/jlevy
Linux,/jlevy/the-art-of-command-line
Linux,/trimstray
Linux,/trimstray/the-book-of-secret-knowledge
Linux,/nodejs
Linux,/nodejs/node
Linux,/netdata
Linux,/netdata/netdata
Linux,/rustdesk
Linux,/rustdesk/rustdesk
Linux,/bregman-arie
Linux,/bregman-arie/devops-exercises
Linux,/ventoy
Linux,/ventoy/Ventoy
Linux,/atom
Linux,/atom/atom
Linux,/alacritty
Linux,/alacritty/alacritty
Linux,/sherlock-project
Linux,/sherlock-project/sherlock
Lua,/neovim
Lua,/neovim/neovim
Lua,/coolsnowwolf
Lua,/coolsnowwolf/lede
Lua,/NvChad
Lua,/NvChad/NvChad
Lua,/SpaceVim
Lua,/SpaceVim/SpaceVim
Lua,/cocos2d
Lua,/cocos2d/cocos2d-x
Lua,/LunarVim
Lua,/LunarVim/LunarVim
Lua,/lionsoul2014
Lua,/lionsoul2014/ip2region
Lua,/nvim-telescope
Lua,/nvim-telescope/telescope.nvim
Lua,/spotify
Lua,/spotify/annoy
Lua,/AstroNvim
Lua,/AstroNvim/AstroNvim
Machine learning,/tensorflow
Machine learning,/tensorflow/tensorflow
Machine learning,/huggingface
Machine learning,/huggingface/transformers
Machine learning,/pytorch
Machine learning,/pytorch/pytorch
Machine learning,/netdata
Machine learning,/netdata/netdata
Machine learning,/microsoft
Machine learning,/microsoft/ML-For-Beginners
Machine learning,/Developer-Y
Machine learning,/Developer-Y/cs-video-courses
Machine learning,/keras-team
Machine learning,/keras-team/keras
Machine learning,/tesseract-ocr
Machine learning,/tesseract-ocr/tesseract
Machine learning,/scikit-learn
Machine learning,/scikit-learn/scikit-learn
Machine learning,/d2l-ai
Machine learning,/d2l-ai/d2l-zh
macOS,/flutter
macOS,/flutter/flutter
macOS,/jlevy
macOS,/jlevy/the-art-of-command-line
macOS,/nodejs
macOS,/nodejs/node
macOS,/jaywcjlove
macOS,/jaywcjlove/awesome-mac
macOS,/atom
macOS,/atom/atom
macOS,/alacritty
macOS,/alacritty/alacritty
macOS,/lencx
macOS,/lencx/ChatGPT
macOS,/tldr-pages
macOS,/tldr-pages/tldr
macOS,/FiloSottile
macOS,/FiloSottile/mkcert
macOS,/marktext
macOS,/marktext/marktext
Markdown,/prettier
Markdown,/prettier/prettier
Markdown,/jekyll
Markdown,/jekyll/jekyll
Markdown,/Textualize
Markdown,/Textualize/rich
Markdown,/marktext
Markdown,/marktext/marktext
Markdown,/toeverything
Markdown,/toeverything/AFFiNE
Markdown,/jgm
Markdown,/jgm/pandoc
Markdown,/markedjs
Markdown,/markedjs/marked
Markdown,/slidevjs
Markdown,/slidevjs/slidev
Markdown,/logseq
Markdown,/logseq/logseq
Markdown,/GitHubDaily
Markdown,/GitHubDaily/GitHubDaily
Mastodon,/mastodon
Mastodon,/mastodon/mastodon
Mastodon,/elk-zone
Mastodon,/elk-zone/elk
Mastodon,/Dimillian
Mastodon,/Dimillian/IceCubesApp
Mastodon,/superseriousbusiness
Mastodon,/superseriousbusiness/gotosocial
Mastodon,/TwidereProject
Mastodon,/TwidereProject/Twidere-Android
Mastodon,/tuskyapp
Mastodon,/tuskyapp/Tusky
Mastodon,/mastodon
Mastodon,/mastodon/mastodon-ios
Mastodon,/wabarc
Mastodon,/wabarc/wayback
Mastodon,/mastodon
Mastodon,/mastodon/documentation
Mastodon,/mastodon
Mastodon,/mastodon/mastodon-android
Material Design,/flutter
Material Design,/flutter/flutter
Material Design,/mui
Material Design,/mui/material-ui
Material Design,/Solido
Material Design,/Solido/awesome-flutter
Material Design,/ionic-team
Material Design,/ionic-team/ionic-framework
Material Design,/google
Material Design,/google/material-design-icons
Material Design,/vuetifyjs
Material Design,/vuetifyjs/vuetify
Material Design,/Dogfalo
Material Design,/Dogfalo/materialize
Material Design,/google
Material Design,/google/material-design-lite
Material Design,/quasarframework
Material Design,/quasarframework/quasar
Material Design,/angular
Material Design,/angular/components
MATLAB,/zhanwen
MATLAB,/zhanwen/MathModel
MATLAB,/PRML
MATLAB,/PRML/PRMLT
MATLAB,/ZheC
MATLAB,/ZheC/Realtime_Multi-Person_Pose_Estimation
MATLAB,/flybywiresim
MATLAB,/flybywiresim/aircraft
MATLAB,/ZachL1
MATLAB,/ZachL1/Bilibili-plus
MATLAB,/Chakazul
MATLAB,/Chakazul/Lenia
MATLAB,/personqianduixue
MATLAB,/personqianduixue/Math_Model
MATLAB,/HuangCongQing
MATLAB,/HuangCongQing/Algorithms_MathModels
MATLAB,/kaxap
MATLAB,/kaxap/arl
MATLAB,/casadi
MATLAB,/casadi/casadi
Maven,/GoogleContainerTools
Maven,/GoogleContainerTools/jib
Maven,/bytedeco
Maven,/bytedeco/javacv
Maven,/zhanglei-workspace
Maven,/zhanglei-workspace/shopping-management-system
Maven,/rubenlagus
Maven,/rubenlagus/TelegramBots
Maven,/diffplug
Maven,/diffplug/spotless
Maven,/apache
Maven,/apache/maven
Maven,/ZHENFENG13
Maven,/ZHENFENG13/My-Blog
Maven,/java-aodeng
Maven,/java-aodeng/hope-boot
Maven,/Kotlin
Maven,/Kotlin/kotlin-examples
Maven,/apache
Maven,/apache/maven-mvnd
Minecraft,/fogleman
Minecraft,/fogleman/Craft
Minecraft,/PaperMC
Minecraft,/PaperMC/Paper
Minecraft,/dnschneid
Minecraft,/dnschneid/crouton
Minecraft,/IdreesInc
Minecraft,/IdreesInc/Monocraft
Minecraft,/cabaletta
Minecraft,/cabaletta/baritone
Minecraft,/MinecraftForge
Minecraft,/MinecraftForge/MinecraftForge
Minecraft,/HMCL-dev
Minecraft,/HMCL-dev/HMCL
Minecraft,/PojavLauncherTeam
Minecraft,/PojavLauncherTeam/PojavLauncher
Minecraft,/nuno-faria
Minecraft,/nuno-faria/tiler
Minecraft,/MineDojo
Minecraft,/MineDojo/Voyager
Mobile,/flutter
Mobile,/flutter/flutter
Mobile,/facebook
Mobile,/facebook/react-native
Mobile,/Solido
Mobile,/Solido/awesome-flutter
Mobile,/ionic-team
Mobile,/ionic-team/ionic-framework
Mobile,/nolimits4web
Mobile,/nolimits4web/swiper
Mobile,/fastlane
Mobile,/fastlane/fastlane
Mobile,/jondot
Mobile,/jondot/awesome-react-native
Mobile,/expo
Mobile,/expo/expo
Mobile,/AvaloniaUI
Mobile,/AvaloniaUI/Avalonia
Mobile,/youzan
Mobile,/youzan/vant
Monero,/monero-project
Monero,/monero-project/monero
Monero,/xmrig
Monero,/xmrig/xmrig
Monero,/yjjnls
Monero,/yjjnls/awesome-blockchain
Monero,/cazala
Monero,/cazala/coin-hive
Monero,/SChernykh
Monero,/SChernykh/p2pool
Monero,/haveno-dex
Monero,/haveno-dex/haveno
Monero,/MultiPoolMiner
Monero,/MultiPoolMiner/MultiPoolMiner
Monero,/Cyclenerd
Monero,/Cyclenerd/ethereum_nvidia_miner
Monero,/oliverw
Monero,/oliverw/miningcore
Monero,/xmrig
Monero,/xmrig/xmrig-nvidia
MongoDB,/macrozheng
MongoDB,/macrozheng/mall
MongoDB,/netdata
MongoDB,/netdata/netdata
MongoDB,/meteor
MongoDB,/meteor/meteor
MongoDB,/prisma
MongoDB,/prisma/prisma
MongoDB,/Asabeneh
MongoDB,/Asabeneh/30-Days-Of-Python
MongoDB,/0voice
MongoDB,/0voice/interview_internal_reference
MongoDB,/hasura
MongoDB,/hasura/graphql-engine
MongoDB,/ityouknow
MongoDB,/ityouknow/spring-boot-examples
MongoDB,/Automattic
MongoDB,/Automattic/mongoose
MongoDB,/coollabsio
MongoDB,/coollabsio/coolify
Mongoose,/bailicangdu
Mongoose,/bailicangdu/node-elm
Mongoose,/hagopj13
Mongoose,/hagopj13/node-express-boilerplate
Mongoose,/idurar
Mongoose,/idurar/idurar-erp-crm
Mongoose,/santiq
Mongoose,/santiq/bulletproof-nodejs
Mongoose,/madhums
Mongoose,/madhums/node-express-mongoose-demo
Mongoose,/async-labs
Mongoose,/async-labs/saas
Mongoose,/async-labs
Mongoose,/async-labs/builderbook
Mongoose,/kunalkapadia
Mongoose,/kunalkapadia/express-mongoose-es6-rest-api
Mongoose,/konstantinmuenster
Mongoose,/konstantinmuenster/notion-clone
Mongoose,/brocoders
Mongoose,/brocoders/nestjs-boilerplate
Monitoring,/netdata
Monitoring,/netdata/netdata
Monitoring,/grafana
Monitoring,/grafana/grafana
Monitoring,/prometheus
Monitoring,/prometheus/prometheus
Monitoring,/louislam
Monitoring,/louislam/uptime-kuma
Monitoring,/huginn
Monitoring,/huginn/huginn
Monitoring,/Unitech
Monitoring,/Unitech/pm2
Monitoring,/getsentry
Monitoring,/getsentry/sentry
Monitoring,/influxdata
Monitoring,/influxdata/influxdb
Monitoring,/nicolargo
Monitoring,/nicolargo/glances
Monitoring,/taosdata
Monitoring,/taosdata/TDengine
MvvmCross,/MvvmCross
MvvmCross,/MvvmCross/MvvmCross
MvvmCross,/MvvmCross
MvvmCross,/MvvmCross/MvvmCross-Samples
MvvmCross,/Baseflow
MvvmCross,/Baseflow/Chameleon
MvvmCross,/MvvmCross
MvvmCross,/MvvmCross/NPlus1DaysOfMvvmCross
MvvmCross,/Plac3hold3r
MvvmCross,/Plac3hold3r/MvxScaffolding
MvvmCross,/Cheesebaron
MvvmCross,/Cheesebaron/Cheesebaron.MvxPlugins
MvvmCross,/Nethereum
MvvmCross,/Nethereum/Nethereum.UI.Wallet.Sample
MvvmCross,/DominicMaas
MvvmCross,/DominicMaas/SoundByteOSS
MvvmCross,/Baseflow
MvvmCross,/Baseflow/MvxForms
MvvmCross,/rogerwcpt
MvvmCross,/rogerwcpt/xamarin-mvvvm-frameworks
MySQL,/Snailclimb
MySQL,/Snailclimb/JavaGuide
MySQL,/macrozheng
MySQL,/macrozheng/mall
MySQL,/netdata
MySQL,/netdata/netdata
MySQL,/strapi
MySQL,/strapi/strapi
MySQL,/grafana
MySQL,/grafana/grafana
MySQL,/gogs
MySQL,/gogs/gogs
MySQL,/nocodb
MySQL,/nocodb/nocodb
MySQL,/dbeaver
MySQL,/dbeaver/dbeaver
MySQL,/prisma
MySQL,/prisma/prisma
MySQL,/metabase
MySQL,/metabase/metabase
NativeScript,/NativeScript
NativeScript,/NativeScript/NativeScript
NativeScript,/nativescript-vue
NativeScript,/nativescript-vue/nativescript-vue
NativeScript,/alibaba
NativeScript,/alibaba/LuaViewSDK
NativeScript,/ngx-formly
NativeScript,/ngx-formly/ngx-formly
NativeScript,/NathanWalker
NativeScript,/NathanWalker/angular-seed-advanced
NativeScript,/momotech
NativeScript,/momotech/MLN
NativeScript,/NativeScript
NativeScript,/NativeScript/nativescript-angular
NativeScript,/NativeScript
NativeScript,/NativeScript/nativescript-cli
NativeScript,/EddyVerbruggen
NativeScript,/EddyVerbruggen/nativescript-plugin-firebase
NativeScript,/aptabase
NativeScript,/aptabase/aptabase
Nim,/nim-lang
Nim,/nim-lang/Nim
Nim,/zedeus
Nim,/zedeus/nitter
Nim,/kaitai-io
Nim,/kaitai-io/kaitai_struct
Nim,/Dav1dde
Nim,/Dav1dde/glad
Nim,/dom96
Nim,/dom96/jester
Nim,/mratsim
Nim,/mratsim/Arraymancer
Nim,/nim-lang
Nim,/nim-lang/nimble
Nim,/planety
Nim,/planety/prologue
Nim,/aduros
Nim,/aduros/wasm4
Nim,/ringabout
Nim,/ringabout/awesome-nim
Natural language processing,/huggingface
Natural language processing,/huggingface/transformers
Natural language processing,/d2l-ai
Natural language processing,/d2l-ai/d2l-zh
Natural language processing,/google-research
Natural language processing,/google-research/bert
Natural language processing,/GokuMohandas
Natural language processing,/GokuMohandas/Made-With-ML
Natural language processing,/hankcs
Natural language processing,/hankcs/HanLP
Natural language processing,/explosion
Natural language processing,/explosion/spaCy
Natural language processing,/eugeneyan
Natural language processing,/eugeneyan/applied-ml
Natural language processing,/d2l-ai
Natural language processing,/d2l-ai/d2l-en
Natural language processing,/sebastianruder
Natural language processing,/sebastianruder/NLP-progress
Natural language processing,/huggingface
Natural language processing,/huggingface/datasets
Node.js,/vercel
Node.js,/vercel/next.js
Node.js,/nodejs
Node.js,/nodejs/node
Node.js,/nvm-sh
Node.js,/nvm-sh/nvm
Node.js,/nestjs
Node.js,/nestjs/nest
Node.js,/sindresorhus
Node.js,/sindresorhus/awesome-nodejs
Node.js,/nuxt
Node.js,/nuxt/nuxt
Node.js,/withastro
Node.js,/withastro/astro
Node.js,/n8n-io
Node.js,/n8n-io/n8n
Node.js,/Asabeneh
Node.js,/Asabeneh/30-Days-Of-JavaScript
Node.js,/Unitech
Node.js,/Unitech/pm2
NoSQL,/redis
NoSQL,/redis/redis
NoSQL,/dbeaver
NoSQL,/dbeaver/dbeaver
NoSQL,/surrealdb
NoSQL,/surrealdb/surrealdb
NoSQL,/mongodb
NoSQL,/mongodb/mongo
NoSQL,/dragonflydb
NoSQL,/dragonflydb/dragonfly
NoSQL,/pubkey
NoSQL,/pubkey/rxdb
NoSQL,/valkey-io
NoSQL,/valkey-io/valkey
NoSQL,/arangodb
NoSQL,/arangodb/arangodb
NoSQL,/CodisLabs
NoSQL,/CodisLabs/codis
NoSQL,/scylladb
NoSQL,/scylladb/scylladb
npm,/goldbergyoni
npm,/goldbergyoni/nodebestpractices
npm,/oven-sh
npm,/oven-sh/bun
npm,/meteor
npm,/meteor/meteor
npm,/yarnpkg
npm,/yarnpkg/yarn
npm,/lerna
npm,/lerna/lerna
npm,/pnpm
npm,/pnpm/pnpm
npm,/honojs
npm,/honojs/hono
npm,/renovatebot
npm,/renovatebot/renovate
npm,/verdaccio
npm,/verdaccio/verdaccio
npm,/apify
npm,/apify/crawlee
Objective-C,/vsouza
Objective-C,/vsouza/awesome-ios
Objective-C,/dkhamsing
Objective-C,/dkhamsing/open-source-ios-apps
Objective-C,/serhii-londar
Objective-C,/serhii-londar/open-source-mac-os-apps
Objective-C,/SDWebImage
Objective-C,/SDWebImage/SDWebImage
Objective-C,/NativeScript
Objective-C,/NativeScript/NativeScript
Objective-C,/hackiftekhar
Objective-C,/hackiftekhar/IQKeyboardManager
Objective-C,/realm
Objective-C,/realm/realm-swift
Objective-C,/OpenEmu
Objective-C,/OpenEmu/OpenEmu
Objective-C,/kyleneideck
Objective-C,/kyleneideck/BackgroundMusic
Objective-C,/facebook
Objective-C,/facebook/infer
OpenGL,/alacritty
OpenGL,/alacritty/alacritty
OpenGL,/kovidgoyal
OpenGL,/kovidgoyal/kitty
OpenGL,/raysan5
OpenGL,/raysan5/raylib
OpenGL,/ssloy
OpenGL,/ssloy/tinyrenderer
OpenGL,/lettier
OpenGL,/lettier/3d-game-shaders-for-beginners
OpenGL,/google
OpenGL,/google/filament
OpenGL,/bkaradzic
OpenGL,/bkaradzic/bgfx
OpenGL,/OpenRCT2
OpenGL,/OpenRCT2/OpenRCT2
OpenGL,/glfw
OpenGL,/glfw/glfw
OpenGL,/SFTtech
OpenGL,/SFTtech/openage
Operating system,/huihut
Operating system,/huihut/interview
Operating system,/SerenityOS
Operating system,/SerenityOS/serenity
Operating system,/HeyPuter
Operating system,/HeyPuter/puter
Operating system,/Awesome-HarmonyOS
Operating system,/Awesome-HarmonyOS/HarmonyOS
Operating system,/redox-os
Operating system,/redox-os/redox
Operating system,/phil-opp
Operating system,/phil-opp/blog_os
Operating system,/reactos
Operating system,/reactos/reactos
Operating system,/rust-embedded
Operating system,/rust-embedded/rust-raspberrypi-OS-tutorials
Operating system,/s-matyukevich
Operating system,/s-matyukevich/raspberry-pi-os
Operating system,/tuhdo
Operating system,/tuhdo/os01
P2P,/fatedier
P2P,/fatedier/frp
P2P,/bitcoin
P2P,/bitcoin/bitcoin
P2P,/rustdesk
P2P,/rustdesk/rustdesk
P2P,/syncthing
P2P,/syncthing/syncthing
P2P,/ethereum
P2P,/ethereum/go-ethereum
P2P,/webtorrent
P2P,/webtorrent/webtorrent
P2P,/ipfs
P2P,/ipfs/ipfs
P2P,/mudler
P2P,/mudler/LocalAI
P2P,/HelloZeroNet
P2P,/HelloZeroNet/ZeroNet
P2P,/amark
P2P,/amark/gun
Package manager,/yarnpkg
Package manager,/yarnpkg/yarn
Package manager,/Homebrew
Package manager,/Homebrew/brew
Package manager,/python-poetry
Package manager,/python-poetry/poetry
Package manager,/pnpm
Package manager,/pnpm/pnpm
Package manager,/composer
Package manager,/composer/composer
Package manager,/microsoft
Package manager,/microsoft/winget-cli
Package manager,/microsoft
Package manager,/microsoft/vcpkg
Package manager,/bower
Package manager,/bower/bower
Package manager,/Carthage
Package manager,/Carthage/Carthage
Package manager,/CocoaPods
Package manager,/CocoaPods/CocoaPods
Parsing,/gchq
Parsing,/gchq/CyberChef
Parsing,/pydantic
Parsing,/pydantic/pydantic
Parsing,/tree-sitter
Parsing,/tree-sitter/tree-sitter
Parsing,/antlr
Parsing,/antlr/antlr4
Parsing,/DoctorWkt
Parsing,/DoctorWkt/acwj
Parsing,/soxoj
Parsing,/soxoj/maigret
Parsing,/jquery
Parsing,/jquery/esprima
Parsing,/fabian-hiller
Parsing,/fabian-hiller/valibot
Parsing,/marmelroy
Parsing,/marmelroy/PhoneNumberKit
Parsing,/estree
Parsing,/estree/estree
Perl,/learnbyexample
Perl,/learnbyexample/Command-line-text-processing
Perl,/theos
Perl,/theos/theos
Perl,/kaitai-io
Perl,/kaitai-io/kaitai_struct
Perl,/imapsync
Perl,/imapsync/imapsync
Perl,/rsnapshot
Perl,/rsnapshot/rsnapshot
Perl,/exiftool
Perl,/exiftool/exiftool
Perl,/weechat
Perl,/weechat/weechat
Perl,/apache
Perl,/apache/avro
Perl,/mojolicious
Perl,/mojolicious/mojo
Perl,/HariSekhon
Perl,/HariSekhon/DevOps-Bash-tools
Phaser,/phaserjs
Phaser,/phaserjs/phaser
Phaser,/nicholas-ochoa
Phaser,/nicholas-ochoa/OpenSC2K
Phaser,/channingbreeze
Phaser,/channingbreeze/games
Phaser,/ssusnic
Phaser,/ssusnic/Machine-Learning-Flappy-Bird
Phaser,/phaserjs
Phaser,/phaserjs/phaser-ce-examples
Phaser,/phaserjs
Phaser,/phaserjs/phaser-ce
Phaser,/lean
Phaser,/lean/phaser-es6-webpack
Phaser,/rexrainbow
Phaser,/rexrainbow/phaser3-rex-notes
Phaser,/phaserjs
Phaser,/phaserjs/template-webpack
Phaser,/digitsensitive
Phaser,/digitsensitive/phaser3-typescript
PHP,/laravel
PHP,/laravel/laravel
PHP,/LeCoupa
PHP,/LeCoupa/awesome-cheatsheets
PHP,/laravel
PHP,/laravel/framework
PHP,/ziadoz
PHP,/ziadoz/awesome-php
PHP,/symfony
PHP,/symfony/symfony
PHP,/composer
PHP,/composer/composer
PHP,/coollabsio
PHP,/coollabsio/coolify
PHP,/nextcloud
PHP,/nextcloud/server
PHP,/guzzle
PHP,/guzzle/guzzle
PHP,/DesignPatternsPHP
PHP,/DesignPatternsPHP/DesignPatternsPHP
PICO-8,/kitao
PICO-8,/kitao/pyxel
PICO-8,/pico-8
PICO-8,/pico-8/awesome-PICO-8
PICO-8,/picolove
PICO-8,/picolove/picolove
PICO-8,/jtothebell
PICO-8,/jtothebell/fake-08
PICO-8,/dansanderson
PICO-8,/dansanderson/picotool
PICO-8,/Liquidream
PICO-8,/Liquidream/scumm-8
PICO-8,/Jakz
PICO-8,/Jakz/retro8
PICO-8,/torch2424
PICO-8,/torch2424/picoDeploy
PICO-8,/0xcafed00d
PICO-8,/0xcafed00d/tac08
PICO-8,/wh0am1-dev
PICO-8,/wh0am1-dev/pico8-api
Pixel Art,/aseprite
Pixel Art,/aseprite/aseprite
Pixel Art,/piskelapp
Pixel Art,/piskelapp/piskel
Pixel Art,/gelstudios
Pixel Art,/gelstudios/gitfiti
Pixel Art,/dicebear
Pixel Art,/dicebear/dicebear
Pixel Art,/Orama-Interactive
Pixel Art,/Orama-Interactive/Pixelorama
Pixel Art,/jvalen
Pixel Art,/jvalen/pixel-art-react
Pixel Art,/LibreSprite
Pixel Art,/LibreSprite/LibreSprite
Pixel Art,/JannisX11
Pixel Art,/JannisX11/blockbench
Pixel Art,/cloudhead
Pixel Art,/cloudhead/rx
Pixel Art,/javierbyte
Pixel Art,/javierbyte/img2css
PostgreSQL,/netdata
PostgreSQL,/netdata/netdata
PostgreSQL,/supabase
PostgreSQL,/supabase/supabase
PostgreSQL,/gogs
PostgreSQL,/gogs/gogs
PostgreSQL,/nocodb
PostgreSQL,/nocodb/nocodb
PostgreSQL,/discourse
PostgreSQL,/discourse/discourse
PostgreSQL,/dbeaver
PostgreSQL,/dbeaver/dbeaver
PostgreSQL,/prisma
PostgreSQL,/prisma/prisma
PostgreSQL,/metabase
PostgreSQL,/metabase/metabase
PostgreSQL,/QuivrHQ
PostgreSQL,/QuivrHQ/quivr
PostgreSQL,/typeorm
PostgreSQL,/typeorm/typeorm
Project management,/AppFlowy-IO
Project management,/AppFlowy-IO/AppFlowy
Project management,/makeplane
Project management,/makeplane/plane
Project management,/mattermost
Project management,/mattermost/focalboard
Project management,/frappe
Project management,/frappe/erpnext
Project management,/joelparkerhenderson
Project management,/joelparkerhenderson/architecture-decision-record
Project management,/opf
Project management,/opf/openproject
Project management,/kanboard
Project management,/kanboard/kanboard
Project management,/hcengineering
Project management,/hcengineering/platform
Project management,/kuaifan
Project management,/kuaifan/dootask
Project management,/Leantime
Project management,/Leantime/leantime
Publishing,/TryGhost
Publishing,/TryGhost/Ghost
Publishing,/lerna
Publishing,/lerna/lerna
Publishing,/jgm
Publishing,/jgm/pandoc
Publishing,/timlrx
Publishing,/timlrx/tailwind-nextjs-starter-blog
Publishing,/nteract
Publishing,/nteract/papermill
Publishing,/writefreely
Publishing,/writefreely/writefreely
Publishing,/Triple-T
Publishing,/Triple-T/gradle-play-publisher
Publishing,/austintoddj
Publishing,/austintoddj/canvas
Publishing,/themsaid
Publishing,/themsaid/wink
Publishing,/substance
Publishing,/substance/substance
PWA,/angular
PWA,/angular/angular
PWA,/hoppscotch
PWA,/hoppscotch/hoppscotch
PWA,/ionic-team
PWA,/ionic-team/ionic-framework
PWA,/freeCodeCamp
PWA,/freeCodeCamp/devdocs
PWA,/GoogleChrome
PWA,/GoogleChrome/lighthouse
PWA,/qier222
PWA,/qier222/YesPlayMusic
PWA,/quasarframework
PWA,/quasarframework/quasar
PWA,/RobinLinus
PWA,/RobinLinus/snapdrop
PWA,/dailydotdev
PWA,/dailydotdev/daily
PWA,/Lissy93
PWA,/Lissy93/dashy
Python,/donnemartin
Python,/donnemartin/system-design-primer
Python,/vinta
Python,/vinta/awesome-python
Python,/tensorflow
Python,/tensorflow/tensorflow
Python,/TheAlgorithms
Python,/TheAlgorithms/Python
Python,/practical-tutorials
Python,/practical-tutorials/project-based-learning
Python,/CyC2018
Python,/CyC2018/CS-Notes
Python,/Significant-Gravitas
Python,/Significant-Gravitas/AutoGPT
Python,/huggingface
Python,/huggingface/transformers
Python,/Chalarangelo
Python,/Chalarangelo/30-seconds-of-code
Python,/justjavac
Python,/justjavac/free-programming-books-zh_CN
Qt,/flameshot-org
Qt,/flameshot-org/flameshot
Qt,/Swordfish90
Qt,/Swordfish90/cool-retro-term
Qt,/matplotlib
Qt,/matplotlib/matplotlib
Qt,/barry-ran
Qt,/barry-ran/QtScrcpy
Qt,/PySimpleGUI
Qt,/PySimpleGUI/PySimpleGUI
Qt,/SFTtech
Qt,/SFTtech/openage
Qt,/musescore
Qt,/musescore/MuseScore
Qt,/MatsuriDayo
Qt,/MatsuriDayo/nekoray
Qt,/mapeditor
Qt,/mapeditor/tiled
Qt,/jopohl
Qt,/jopohl/urh
R,/microsoft
R,/microsoft/ML-For-Beginners
R,/apache
R,/apache/spark
R,/plotly
R,/plotly/dash
R,/facebook
R,/facebook/prophet
R,/microsoft
R,/microsoft/LightGBM
R,/FavioVazquez
R,/FavioVazquez/ds-cheatsheets
R,/kanaka
R,/kanaka/mal
R,/HugoBlox
R,/HugoBlox/hugo-blox-builder
R,/catboost
R,/catboost/catboost
R,/Netflix
R,/Netflix/metaflow
Rails,/rails
Rails,/rails/rails
Rails,/discourse
Rails,/discourse/discourse
Rails,/heartcombo
Rails,/heartcombo/devise
Rails,/gitlabhq
Rails,/gitlabhq/gitlabhq
Rails,/forem
Rails,/forem/forem
Rails,/chatwoot
Rails,/chatwoot/chatwoot
Rails,/diaspora
Rails,/diaspora/diaspora
Rails,/spree
Rails,/spree/spree
Rails,/activeadmin
Rails,/activeadmin/activeadmin
Rails,/kaminari
Rails,/kaminari/kaminari
Raspberry Pi,/home-assistant
Raspberry Pi,/home-assistant/core
Raspberry Pi,/netdata
Raspberry Pi,/netdata/netdata
Raspberry Pi,/pi-hole
Raspberry Pi,/pi-hole/pi-hole
Raspberry Pi,/gogs
Raspberry Pi,/gogs/gogs
Raspberry Pi,/hwdsl2
Raspberry Pi,/hwdsl2/setup-ipsec-vpn
Raspberry Pi,/raysan5
Raspberry Pi,/raysan5/raylib
Raspberry Pi,/MagicMirrorOrg
Raspberry Pi,/MagicMirrorOrg/MagicMirror
Raspberry Pi,/jarun
Raspberry Pi,/jarun/nnn
Raspberry Pi,/microsoft
Raspberry Pi,/microsoft/IoT-For-Beginners
Raspberry Pi,/rwaldron
Raspberry Pi,/rwaldron/johnny-five
Ratchet,/twbs
Ratchet,/twbs/ratchet
Ratchet,/ratchetphp
Ratchet,/ratchetphp/Ratchet
Ratchet,/interference-security
Ratchet,/interference-security/DVWS
Ratchet,/amirsanni
Ratchet,/amirsanni/Video-Call-App
Ratchet,/joni-jones
Ratchet,/joni-jones/yii2-wschat
Ratchet,/kishor10d
Ratchet,/kishor10d/CodeIgniter-Ratchet-Websocket
Ratchet,/takielias
Ratchet,/takielias/codeigniter-websocket
Ratchet,/amirsanni
Ratchet,/amirsanni/conference-call-ratchet
Ratchet,/Koleok
Ratchet,/Koleok/jest-coverage-ratchet
Ratchet,/durgesh-sahani
Ratchet,/durgesh-sahani/chatroom-php-mysql-ratchet
React,/freeCodeCamp
React,/freeCodeCamp/freeCodeCamp
React,/facebook
React,/facebook/react
React,/vercel
React,/vercel/next.js
React,/facebook
React,/facebook/react-native
React,/justjavac
React,/justjavac/free-programming-books-zh_CN
React,/facebook
React,/facebook/create-react-app
React,/mui
React,/mui/material-ui
React,/ant-design
React,/ant-design/ant-design
React,/storybookjs
React,/storybookjs/storybook
React,/ChatGPTNextWeb
React,/ChatGPTNextWeb/ChatGPT-Next-Web
React Native,/facebook
React Native,/facebook/react-native
React Native,/justjavac
React Native,/justjavac/free-programming-books-zh_CN
React Native,/storybookjs
React Native,/storybookjs/storybook
React Native,/enaqx
React Native,/enaqx/awesome-react
React Native,/laurent22
React Native,/laurent22/joplin
React Native,/appwrite
React Native,/appwrite/appwrite
React Native,/dkhamsing
React Native,/dkhamsing/open-source-ios-apps
React Native,/react-hook-form
React Native,/react-hook-form/react-hook-form
React Native,/sudheerj
React Native,/sudheerj/reactjs-interview-questions
React Native,/NervJS
React Native,/NervJS/taro
ReactiveUI,/CodeHubApp
ReactiveUI,/CodeHubApp/CodeHub
ReactiveUI,/reactiveui
ReactiveUI,/reactiveui/ReactiveUI
ReactiveUI,/skatejs
ReactiveUI,/skatejs/skatejs
ReactiveUI,/wieslawsoltes
ReactiveUI,/wieslawsoltes/Dock
ReactiveUI,/Wouterdek
ReactiveUI,/Wouterdek/NodeNetwork
ReactiveUI,/chayxana
ReactiveUI,/chayxana/Restaurant-App
ReactiveUI,/reactiveui
ReactiveUI,/reactiveui/Camelotia
ReactiveUI,/SimpleStateMachine
ReactiveUI,/SimpleStateMachine/SimpleStateMachineNodeEditor
ReactiveUI,/reactiveui
ReactiveUI,/reactiveui/ReactiveUI.Samples
ReactiveUI,/TheEightBot
ReactiveUI,/TheEightBot/Reactive-Examples
Redux,/reduxjs
Redux,/reduxjs/redux
Redux,/pmndrs
Redux,/pmndrs/zustand
Redux,/Asabeneh
Redux,/Asabeneh/30-Days-Of-JavaScript
Redux,/sudheerj
Redux,/sudheerj/reactjs-interview-questions
Redux,/react-boilerplate
Redux,/react-boilerplate/react-boilerplate
Redux,/immerjs
Redux,/immerjs/immer
Redux,/Asabeneh
Redux,/Asabeneh/30-Days-Of-React
Redux,/reduxjs
Redux,/reduxjs/react-redux
Redux,/markerikson
Redux,/markerikson/react-redux-links
Redux,/redux-saga
Redux,/redux-saga/redux-saga
REST API,/hoppscotch
REST API,/hoppscotch/hoppscotch
REST API,/nocodb
REST API,/nocodb/nocodb
REST API,/Kong
REST API,/Kong/insomnia
REST API,/httpie
REST API,/httpie/cli
REST API,/gofiber
REST API,/gofiber/fiber
REST API,/hasura
REST API,/hasura/graphql-engine
REST API,/zeromicro
REST API,/zeromicro/go-zero
REST API,/makeplane
REST API,/makeplane/plane
REST API,/swagger-api
REST API,/swagger-api/swagger-ui
REST API,/microsoft
REST API,/microsoft/api-guidelines
Ruby,/DopplerHQ
Ruby,/DopplerHQ/awesome-interview-questions
Ruby,/rails
Ruby,/rails/rails
Ruby,/jekyll
Ruby,/jekyll/jekyll
Ruby,/discourse
Ruby,/discourse/discourse
Ruby,/serhii-londar
Ruby,/serhii-londar/open-source-mac-os-apps
Ruby,/Homebrew
Ruby,/Homebrew/brew
Ruby,/fastlane
Ruby,/fastlane/fastlane
Ruby,/SeleniumHQ
Ruby,/SeleniumHQ/selenium
Ruby,/maybe-finance
Ruby,/maybe-finance/maybe
Ruby,/hashicorp
Ruby,/hashicorp/vagrant
Rust,/rust-lang
Rust,/rust-lang/rust
Rust,/denoland
Rust,/denoland/deno
Rust,/tauri-apps
Rust,/tauri-apps/tauri
Rust,/rustdesk
Rust,/rustdesk/rustdesk
Rust,/alacritty
Rust,/alacritty/alacritty
Rust,/lencx
Rust,/lencx/ChatGPT
Rust,/rust-lang
Rust,/rust-lang/rustlings
Rust,/AppFlowy-IO
Rust,/AppFlowy-IO/AppFlowy
Rust,/sharkdp
Rust,/sharkdp/bat
Rust,/BurntSushi
Rust,/BurntSushi/ripgrep
Sass,/twbs
Sass,/twbs/bootstrap
Sass,/bailicangdu
Sass,/bailicangdu/vue2-elm
Sass,/tabler
Sass,/tabler/tabler
Sass,/IanLunn
Sass,/IanLunn/Hover
Sass,/akveo
Sass,/akveo/ngx-admin
Sass,/palantir
Sass,/palantir/blueprint
Sass,/chatwoot
Sass,/chatwoot/chatwoot
Sass,/primer
Sass,/primer/css
Sass,/thoughtbot
Sass,/thoughtbot/bourbon
Sass,/pahen
Sass,/pahen/madge
Scala,/apache
Scala,/apache/spark
Scala,/apache
Scala,/apache/kafka
Scala,/apache
Scala,/apache/flink
Scala,/heibaiying
Scala,/heibaiying/BigData-Notes
Scala,/lichess-org
Scala,/lichess-org/lila
Scala,/scala
Scala,/scala/scala
Scala,/deeplearning4j
Scala,/deeplearning4j/deeplearning4j
Scala,/apache
Scala,/apache/predictionio
Scala,/playframework
Scala,/playframework/playframework
Scala,/yahoo
Scala,/yahoo/CMAK
scikit-learn,/microsoft
scikit-learn,/microsoft/ML-For-Beginners
scikit-learn,/Avik-Jain
scikit-learn,/Avik-Jain/100-Days-Of-ML-Code
scikit-learn,/jakevdp
scikit-learn,/jakevdp/PythonDataScienceHandbook
scikit-learn,/apachecn
scikit-learn,/apachecn/ailearning
scikit-learn,/donnemartin
scikit-learn,/donnemartin/data-science-ipython-notebooks
scikit-learn,/ageron
scikit-learn,/ageron/handson-ml
scikit-learn,/onnx
scikit-learn,/onnx/onnx
scikit-learn,/ml-tooling
scikit-learn,/ml-tooling/best-of-ml-python
scikit-learn,/virgili0
scikit-learn,/virgili0/Virgilio
scikit-learn,/microsoft
scikit-learn,/microsoft/onnxruntime
Software-defined networking,/asavie
Software-defined networking,/asavie/xdp
Software-defined networking,/knowledgedefinednetworking
Software-defined networking,/knowledgedefinednetworking/a-deep-rl-approach-for-sdn-routing-optimization
Software-defined networking,/GAR-Project
Software-defined networking,/GAR-Project/project
Software-defined networking,/nayanseth
Software-defined networking,/nayanseth/sdn-loadbalancing
Software-defined networking,/seungsoo-lee
Software-defined networking,/seungsoo-lee/DELTA
Software-defined networking,/eniac
Software-defined networking,/eniac/Flightplan
Software-defined networking,/lopezalvar
Software-defined networking,/lopezalvar/awesome-sdn-security
Software-defined networking,/AnotherKamila
Software-defined networking,/AnotherKamila/sdn-loadbalancer
Software-defined networking,/edoardottt
Software-defined networking,/edoardottt/offensive-onos
Software-defined networking,/eniac
Software-defined networking,/eniac/FDP
Security,/trimstray
Security,/trimstray/the-book-of-secret-knowledge
Security,/Hack-with-Github
Security,/Hack-with-Github/Awesome-Hacking
Security,/Developer-Y
Security,/Developer-Y/cs-video-courses
Security,/swisskyrepo
Security,/swisskyrepo/PayloadsAllTheThings
Security,/caddyserver
Security,/caddyserver/caddy
Security,/x64dbg
Security,/x64dbg/x64dbg
Security,/mitmproxy
Security,/mitmproxy/mitmproxy
Security,/QuivrHQ
Security,/QuivrHQ/quivr
Security,/trailofbits
Security,/trailofbits/algo
Security,/digitalocean
Security,/digitalocean/nginxconfig.io
Server,/gin-gonic
Server,/gin-gonic/gin
Server,/expressjs
Server,/expressjs/express
Server,/withastro
Server,/withastro/astro
Server,/vapor
Server,/vapor/vapor
Server,/PostgREST
Server,/PostgREST/postgrest
Server,/valeriansaliou
Server,/valeriansaliou/sonic
Server,/imthenachoman
Server,/imthenachoman/How-To-Secure-A-Linux-Server
Server,/Grasscutters
Server,/Grasscutters/Grasscutter
Server,/ory
Server,/ory/hydra
Server,/mail-in-a-box
Server,/mail-in-a-box/mailinabox
Serverless,/anuraghazra
Serverless,/anuraghazra/github-readme-stats
Serverless,/serverless
Serverless,/serverless/serverless
Serverless,/appwrite
Serverless,/appwrite/appwrite
Serverless,/Kong
Serverless,/Kong/kong
Serverless,/pingcap
Serverless,/pingcap/tidb
Serverless,/surrealdb
Serverless,/surrealdb/surrealdb
Serverless,/openfaas
Serverless,/openfaas/faas
Serverless,/firecracker-microvm
Serverless,/firecracker-microvm/firecracker
Serverless,/dapr
Serverless,/dapr/dapr
Serverless,/kriasoft
Serverless,/kriasoft/react-starter-kit
Shell,/ohmyzsh
Shell,/ohmyzsh/ohmyzsh
Shell,/nvbn
Shell,/nvbn/thefuck
Shell,/nvm-sh
Shell,/nvm-sh/nvm
Shell,/ryanoasis
Shell,/ryanoasis/nerd-fonts
Shell,/git
Shell,/git/git
Shell,/tldr-pages
Shell,/tldr-pages/tldr
Shell,/pi-hole
Shell,/pi-hole/pi-hole
Shell,/PowerShell
Shell,/PowerShell/PowerShell
Shell,/google
Shell,/google/zx
Shell,/GitSquared
Shell,/GitSquared/edex-ui
Sketch,/tldraw
Sketch,/tldraw/tldraw
Sketch,/gztchan
Sketch,/gztchan/awesome-design
Sketch,/airbnb
Sketch,/airbnb/react-sketchapp
Sketch,/casesandberg
Sketch,/casesandberg/react-color
Sketch,/themerdev
Sketch,/themerdev/themer
Sketch,/sketchplugins
Sketch,/sketchplugins/plugin-directory
Sketch,/weui
Sketch,/weui/weui-design
Sketch,/weixin
Sketch,/weixin/Miaow
Sketch,/mathieudutour
Sketch,/mathieudutour/git-sketch-plugin
Sketch,/matt-curtis
Sketch,/matt-curtis/Fluid-for-Sketch
SpaceVim,/SpaceVim
SpaceVim,/SpaceVim/SpaceVim
SpaceVim,/wsdjeg
SpaceVim,/wsdjeg/vim-galore-zh_cn
SpaceVim,/wsdjeg
SpaceVim,/wsdjeg/.SpaceVim.d
SpaceVim,/wsdjeg
SpaceVim,/wsdjeg/vim-chat
SpaceVim,/Gabirel
SpaceVim,/Gabirel/Hack-SpaceVim
SpaceVim,/ctjhoa
SpaceVim,/ctjhoa/spacevim
SpaceVim,/wsdjeg
SpaceVim,/wsdjeg/FlyGrep.vim
SpaceVim,/wsdjeg
SpaceVim,/wsdjeg/GitHub.vim
SpaceVim,/wsdjeg
SpaceVim,/wsdjeg/JavaUnit.vim
SpaceVim,/wsdjeg
SpaceVim,/wsdjeg/imenu.vim
Spring Boot,/macrozheng
Spring Boot,/macrozheng/mall
Spring Boot,/spring-projects
Spring Boot,/spring-projects/spring-boot
Spring Boot,/jeecgboot
Spring Boot,/jeecgboot/JeecgBoot
Spring Boot,/xkcoding
Spring Boot,/xkcoding/spring-boot-demo
Spring Boot,/ityouknow
Spring Boot,/ityouknow/spring-boot-examples
Spring Boot,/apolloconfig
Spring Boot,/apolloconfig/apollo
Spring Boot,/wuyouzhuguli
Spring Boot,/wuyouzhuguli/SpringAll
Spring Boot,/jhipster
Spring Boot,/jhipster/generator-jhipster
Spring Boot,/elunez
Spring Boot,/elunez/eladmin
Spring Boot,/linlinjava
Spring Boot,/linlinjava/litemall
SQL,/bregman-arie
SQL,/bregman-arie/devops-exercises
SQL,/apache
SQL,/apache/spark
SQL,/dbeaver
SQL,/dbeaver/dbeaver
SQL,/pingcap
SQL,/pingcap/tidb
SQL,/ClickHouse
SQL,/ClickHouse/ClickHouse
SQL,/cockroachdb
SQL,/cockroachdb/cockroach
SQL,/sequelize
SQL,/sequelize/sequelize
SQL,/directus
SQL,/directus/directus
SQL,/surrealdb
SQL,/surrealdb/surrealdb
SQL,/apache
SQL,/apache/flink
Storybook,/storybookjs
Storybook,/storybookjs/storybook
Storybook,/nrwl
Storybook,/nrwl/nx
Storybook,/React95
Storybook,/React95/React95
Storybook,/BuilderIO
Storybook,/BuilderIO/figma-html
Storybook,/diegohaz
Storybook,/diegohaz/arc
Storybook,/vuesion
Storybook,/vuesion/vuesion
Storybook,/chromaui
Storybook,/chromaui/learnstorybook.com
Storybook,/trungvose
Storybook,/trungvose/jira-clone-angular
Storybook,/AdaptiveConsulting
Storybook,/AdaptiveConsulting/ReactiveTraderCloud
Storybook,/themesberg
Storybook,/themesberg/flowbite-react
Support,/frappe
Support,/frappe/erpnext
Support,/hcengineering
Support,/hcengineering/platform
Support,/zammad
Support,/zammad/zammad
Support,/freescout-help-desk
Support,/freescout-help-desk/freescout
Support,/helpyio
Support,/helpyio/helpy
Support,/espocrm
Support,/espocrm/espocrm
Support,/django-helpdesk
Support,/django-helpdesk/django-helpdesk
Support,/mattmezza
Support,/mattmezza/vue-beautiful-chat
Support,/BadChoice
Support,/BadChoice/handesk
Support,/polonel
Support,/polonel/trudesk
Swift,/justjavac
Swift,/justjavac/free-programming-books-zh_CN
Swift,/appwrite
Swift,/appwrite/appwrite
Swift,/dkhamsing
Swift,/dkhamsing/open-source-ios-apps
Swift,/Alamofire
Swift,/Alamofire/Alamofire
Swift,/serhii-londar
Swift,/serhii-londar/open-source-mac-os-apps
Swift,/iina
Swift,/iina/iina
Swift,/xitu
Swift,/xitu/gold-miner
Swift,/shadowsocks
Swift,/shadowsocks/ShadowsocksX-NG
Swift,/kodecocodes
Swift,/kodecocodes/swift-algorithm-club
Swift,/MonitorControl
Swift,/MonitorControl/MonitorControl
Symfony,/symfony
Symfony,/symfony/symfony
Symfony,/getgrav
Symfony,/getgrav/grav
Symfony,/wallabag
Symfony,/wallabag/wallabag
Symfony,/symfony
Symfony,/symfony/console
Symfony,/symfony
Symfony,/symfony/http-foundation
Symfony,/symfony
Symfony,/symfony/event-dispatcher
Symfony,/api-platform
Symfony,/api-platform/api-platform
Symfony,/symfony
Symfony,/symfony/finder
Symfony,/symfony
Symfony,/symfony/http-kernel
Symfony,/symfony
Symfony,/symfony/polyfill-mbstring
Telegram,/DIYgod
Telegram,/DIYgod/RSSHub
Telegram,/tqdm
Telegram,/tqdm/tqdm
Telegram,/python-telegram-bot
Telegram,/python-telegram-bot/python-telegram-bot
Telegram,/telegramdesktop
Telegram,/telegramdesktop/tdesktop
Telegram,/DrKLO
Telegram,/DrKLO/Telegram
Telegram,/pppscn
Telegram,/pppscn/SmsForwarder
Telegram,/openimsdk
Telegram,/openimsdk/open-im-server
Telegram,/itgoyo
Telegram,/itgoyo/TelegramGroup
Telegram,/lss233
Telegram,/lss233/chatgpt-mirai-qq-bot
Telegram,/tinode
Telegram,/tinode/chat
Tensorflow,/tensorflow
Tensorflow,/tensorflow/tensorflow
Tensorflow,/huggingface
Tensorflow,/huggingface/transformers
Tensorflow,/keras-team
Tensorflow,/keras-team/keras
Tensorflow,/CorentinJ
Tensorflow,/CorentinJ/Real-Time-Voice-Cloning
Tensorflow,/aymericdamien
Tensorflow,/aymericdamien/TensorFlow-Examples
Tensorflow,/google-research
Tensorflow,/google-research/bert
Tensorflow,/photoprism
Tensorflow,/photoprism/photoprism
Tensorflow,/xitu
Tensorflow,/xitu/gold-miner
Tensorflow,/ray-project
Tensorflow,/ray-project/ray
Tensorflow,/lutzroeder
Tensorflow,/lutzroeder/netron
Terminal,/ohmyzsh
Terminal,/ohmyzsh/ohmyzsh
Terminal,/microsoft
Terminal,/microsoft/terminal
Terminal,/Eugeny
Terminal,/Eugeny/tabby
Terminal,/alacritty
Terminal,/alacritty/alacritty
Terminal,/tldr-pages
Terminal,/tldr-pages/tldr
Terminal,/Textualize
Terminal,/Textualize/rich
Terminal,/jesseduffield
Terminal,/jesseduffield/lazygit
Terminal,/sharkdp
Terminal,/sharkdp/bat
Terminal,/vercel
Terminal,/vercel/hyper
Terminal,/GitSquared
Terminal,/GitSquared/edex-ui
Terraform,/bregman-arie
Terraform,/bregman-arie/devops-exercises
Terraform,/hashicorp
Terraform,/hashicorp/terraform
Terraform,/MichaelCade
Terraform,/MichaelCade/90DaysOfDevOps
Terraform,/GoogleCloudPlatform
Terraform,/GoogleCloudPlatform/microservices-demo
Terraform,/GoogleCloudPlatform
Terraform,/GoogleCloudPlatform/terraformer
Terraform,/bytebase
Terraform,/bytebase/bytebase
Terraform,/infracost
Terraform,/infracost/infracost
Terraform,/semaphoreui
Terraform,/semaphoreui/semaphore
Terraform,/hashicorp
Terraform,/hashicorp/terraform-provider-aws
Terraform,/budtmo
Terraform,/budtmo/docker-android
Testing,/goldbergyoni
Testing,/goldbergyoni/nodebestpractices
Testing,/puppeteer
Testing,/puppeteer/puppeteer
Testing,/storybookjs
Testing,/storybookjs/storybook
Testing,/microsoft
Testing,/microsoft/playwright
Testing,/hoppscotch
Testing,/hoppscotch/hoppscotch
Testing,/localstack
Testing,/localstack/localstack
Testing,/jestjs
Testing,/jestjs/jest
Testing,/goldbergyoni
Testing,/goldbergyoni/javascript-testing-best-practices
Testing,/stretchr
Testing,/stretchr/testify
Testing,/mochajs
Testing,/mochajs/mocha
Twitter,/huginn
Twitter,/huginn/huginn
Twitter,/DIYgod
Twitter,/DIYgod/RSSHub
Twitter,/GorvGoyl
Twitter,/GorvGoyl/Clone-Wars
Twitter,/tw93
Twitter,/tw93/Pake
Twitter,/KurtBestor
Twitter,/KurtBestor/Hitomi-Downloader
Twitter,/twintproject
Twitter,/twintproject/twint
Twitter,/mikf
Twitter,/mikf/gallery-dl
Twitter,/imputnet
Twitter,/imputnet/cobalt
Twitter,/tweepy
Twitter,/tweepy/tweepy
Twitter,/zedeus
Twitter,/zedeus/nitter
TypeScript,/microsoft
TypeScript,/microsoft/vscode
TypeScript,/microsoft
TypeScript,/microsoft/TypeScript
TypeScript,/angular
TypeScript,/angular/angular
TypeScript,/denoland
TypeScript,/denoland/deno
TypeScript,/ant-design
TypeScript,/ant-design/ant-design
TypeScript,/storybookjs
TypeScript,/storybookjs/storybook
TypeScript,/oven-sh
TypeScript,/oven-sh/bun
TypeScript,/mermaid-js
TypeScript,/mermaid-js/mermaid
TypeScript,/nestjs
TypeScript,/nestjs/nest
TypeScript,/enaqx
TypeScript,/enaqx/awesome-react
Ubuntu,/Bin-Huang
Ubuntu,/Bin-Huang/chatbox
Ubuntu,/Nyr
Ubuntu,/Nyr/openvpn-install
Ubuntu,/GopeedLab
Ubuntu,/GopeedLab/gopeed
Ubuntu,/angristan
Ubuntu,/angristan/openvpn-install
Ubuntu,/89luca89
Ubuntu,/89luca89/distrobox
Ubuntu,/oguzhaninan
Ubuntu,/oguzhaninan/Stacer
Ubuntu,/dnschneid
Ubuntu,/dnschneid/crouton
Ubuntu,/judasn
Ubuntu,/judasn/Linux-Tutorial
Ubuntu,/adi1090x
Ubuntu,/adi1090x/rofi
Ubuntu,/GetPublii
Ubuntu,/GetPublii/Publii
Unity,/icsharpcode
Unity,/icsharpcode/ILSpy
Unity,/lettier
Unity,/lettier/3d-game-shaders-for-beginners
Unity,/Unity-Technologies
Unity,/Unity-Technologies/ml-agents
Unity,/Perfare
Unity,/Perfare/AssetStudio
Unity,/Tencent
Unity,/Tencent/xLua
Unity,/egametang
Unity,/egametang/ET
Unity,/jynew
Unity,/jynew/jynew
Unity,/Cysharp
Unity,/Cysharp/UniTask
Unity,/ThusSpokeNomad
Unity,/ThusSpokeNomad/GameNetworkingResources
Unity,/neuecc
Unity,/neuecc/UniRx
Unreal Engine,/microsoft
Unreal Engine,/microsoft/AirSim
Unreal Engine,/heroiclabs
Unreal Engine,/heroiclabs/nakama
Unreal Engine,/ThusSpokeNomad
Unreal Engine,/ThusSpokeNomad/GameNetworkingResources
Unreal Engine,/Allar
Unreal Engine,/Allar/ue5-style-guide
Unreal Engine,/gonglei007
Unreal Engine,/gonglei007/GameDevMind
Unreal Engine,/tomlooman
Unreal Engine,/tomlooman/ActionRoguelike
Unreal Engine,/nxrighthere
Unreal Engine,/nxrighthere/UnrealCLR
Unreal Engine,/praydog
Unreal Engine,/praydog/UEVR
Unreal Engine,/gildor2
Unreal Engine,/gildor2/UEViewer
Unreal Engine,/lgsvl
Unreal Engine,/lgsvl/simulator
Vagrant,/hashicorp
Vagrant,/hashicorp/vagrant
Vagrant,/geerlingguy
Vagrant,/geerlingguy/ansible-for-devops
Vagrant,/clong
Vagrant,/clong/DetectionLab
Vagrant,/Varying-Vagrant-Vagrants
Vagrant,/Varying-Vagrant-Vagrants/VVV
Vagrant,/chef
Vagrant,/chef/bento
Vagrant,/ChristianLempa
Vagrant,/ChristianLempa/boilerplates
Vagrant,/ServiceStack
Vagrant,/ServiceStack/redis-windows
Vagrant,/roots
Vagrant,/roots/trellis
Vagrant,/vagrant-libvirt
Vagrant,/vagrant-libvirt/vagrant-libvirt
Vagrant,/Artemmkin
Vagrant,/Artemmkin/infrastructure-as-code-tutorial
Vim,/neovim
Vim,/neovim/neovim
Vim,/junegunn
Vim,/junegunn/fzf
Vim,/LeCoupa
Vim,/LeCoupa/awesome-cheatsheets
Vim,/vim
Vim,/vim/vim
Vim,/lapce
Vim,/lapce/lapce
Vim,/junegunn
Vim,/junegunn/vim-plug
Vim,/helix-editor
Vim,/helix-editor/helix
Vim,/ycm-core
Vim,/ycm-core/YouCompleteMe
Vim,/neoclide
Vim,/neoclide/coc.nvim
Vim,/NvChad
Vim,/NvChad/NvChad
Virtual reality,/mrdoob
Virtual reality,/mrdoob/three.js
Virtual reality,/aframevr
Virtual reality,/aframevr/aframe
Virtual reality,/bulletphysics
Virtual reality,/bulletphysics/bullet3
Virtual reality,/playcanvas
Virtual reality,/playcanvas/engine
Virtual reality,/relativty
Virtual reality,/relativty/Relativty
Virtual reality,/ExtendRealityLtd
Virtual reality,/ExtendRealityLtd/VRTK
Virtual reality,/immersive-web
Virtual reality,/immersive-web/webxr
Virtual reality,/praydog
Virtual reality,/praydog/UEVR
Virtual reality,/praydog
Virtual reality,/praydog/REFramework
Virtual reality,/viromedia
Virtual reality,/viromedia/viro
Vue.js,/vuejs
Vue.js,/vuejs/vue
Vue.js,/justjavac
Vue.js,/justjavac/free-programming-books-zh_CN
Vue.js,/PanJiaChen
Vue.js,/PanJiaChen/vue-element-admin
Vue.js,/storybookjs
Vue.js,/storybookjs/storybook
Vue.js,/hoppscotch
Vue.js,/hoppscotch/hoppscotch
Vue.js,/ElemeFE
Vue.js,/ElemeFE/element
Vue.js,/nuxt
Vue.js,/nuxt/nuxt
Vue.js,/ionic-team
Vue.js,/ionic-team/ionic-framework
Vue.js,/prettier
Vue.js,/prettier/prettier
Vue.js,/marktext
Vue.js,/marktext/marktext
Wagtail,/wagtail
Wagtail,/wagtail/wagtail
Wagtail,/springload
Wagtail,/springload/awesome-wagtail
Wagtail,/wagtail
Wagtail,/wagtail/bakerydemo
Wagtail,/coderedcorp
Wagtail,/coderedcorp/coderedcms
Wagtail,/APSL
Wagtail,/APSL/puput
Wagtail,/springload
Wagtail,/springload/draftail
Wagtail,/jazzband
Wagtail,/jazzband/wagtailmenus
Wagtail,/longclawshop
Wagtail,/longclawshop/longclaw
Wagtail,/dinoperovic
Wagtail,/dinoperovic/django-salesman
Wagtail,/AccordBox
Wagtail,/AccordBox/wagtail-tailwind-blog
